timestamp_python,acc_x_ms2,acc_y_ms2,acc_z_ms2
1750784781.2315962,0.0005791133735328913,0.0028618229553103447,0.020962130278348923
1750784781.2317717,0.0010441275080665946,0.0018962154863402247,0.01838795468211174
1750784781.231849,0.0020855010952800512,0.000901567458640784,0.016713585704565048
1750784781.2318962,0.0020855010952800512,0.000901567458640784,0.016713585704565048
1750784781.2319715,0.0020855010952800512,0.000901567458640784,0.016713585704565048
1750784781.232023,0.0020855010952800512,0.000901567458640784,0.016713585704565048
1750784781.2321117,0.0020855010952800512,0.000901567458640784,0.016713585704565048
1750784781.2321544,0.0020855010952800512,0.000901567458640784,0.016713585704565048
1750784781.2321868,0.0020855010952800512,0.000901567458640784,0.016713585704565048
1750784781.2322216,0.0020855010952800512,0.000901567458640784,0.016713585704565048
1750784781.2322583,0.0020855010952800512,0.000901567458640784,0.016713585704565048
1750784781.2322862,0.0020855010952800512,0.000901567458640784,0.016713585704565048
1750784781.2323086,0.0020855010952800512,0.000901567458640784,0.016713585704565048
1750784781.2323313,0.0020855010952800512,0.000901567458640784,0.016713585704565048
1750784781.2323537,0.0020855010952800512,0.000901567458640784,0.016713585704565048
1750784781.2323766,0.0020855010952800512,0.000901567458640784,0.016713585704565048
1750784781.2323987,0.0020855010952800512,0.000901567458640784,0.016713585704565048
1750784781.2324214,0.0020855010952800512,0.000901567458640784,0.016713585704565048
1750784781.2324433,0.0020855010952800512,0.000901567458640784,0.016713585704565048
1750784781.2324662,0.0020855010952800512,0.000901567458640784,0.016713585704565048
1750784781.2324886,0.0020855010952800512,0.000901567458640784,0.016713585704565048
1750784781.2325113,0.0020855010952800512,0.000901567458640784,0.016713585704565048
1750784781.2325335,0.0020855010952800512,0.000901567458640784,0.016713585704565048
1750784781.2325563,0.0020855010952800512,0.000901567458640784,0.016713585704565048
1750784781.2325788,0.0020855010952800512,0.000901567458640784,0.016713585704565048
1750784781.2326012,0.0020855010952800512,0.000901567458640784,0.016713585704565048
1750784781.2326233,0.0020855010952800512,0.000901567458640784,0.016713585704565048
1750784781.232646,0.0020855010952800512,0.000901567458640784,0.016713585704565048
1750784781.232686,0.0020855010952800512,0.000901567458640784,0.016713585704565048
1750784781.23271,0.0020855010952800512,0.000901567458640784,0.016713585704565048
1750784781.232733,0.0020855010952800512,0.000901567458640784,0.016713585704565048
1750784781.2327552,0.0020855010952800512,0.000901567458640784,0.016713585704565048
1750784781.2327778,0.0020855010952800512,0.000901567458640784,0.016713585704565048
1750784781.2328002,0.0020855010952800512,0.000901567458640784,0.016713585704565048
1750784781.2328224,0.0020855010952800512,0.000901567458640784,0.016713585704565048
1750784781.2328446,0.0020855010952800512,0.000901567458640784,0.016713585704565048
1750784781.2328672,0.0020855010952800512,0.000901567458640784,0.016713585704565048
1750784781.23289,0.0020855010952800512,0.000901567458640784,0.016713585704565048
1750784781.232912,0.0020855010952800512,0.000901567458640784,0.016713585704565048
1750784781.2329345,0.0020855010952800512,0.000901567458640784,0.016713585704565048
1750784781.232957,0.0020855010952800512,0.000901567458640784,0.016713585704565048
1750784781.2329795,0.0020855010952800512,0.000901567458640784,0.016713585704565048
1750784781.2330017,0.0020855010952800512,0.000901567458640784,0.016713585704565048
1750784781.233024,0.0020855010952800512,0.000901567458640784,0.016713585704565048
1750784781.2330465,0.0020855010952800512,0.000901567458640784,0.016713585704565048
1750784781.233069,0.0020855010952800512,0.000901567458640784,0.016713585704565048
1750784781.2330918,0.0020855010952800512,0.000901567458640784,0.016713585704565048
1750784781.2331145,0.0020855010952800512,0.000901567458640784,0.016713585704565048
1750784781.2331367,0.0020855010952800512,0.000901567458640784,0.016713585704565048
1750784781.2331686,0.0020855010952800512,0.000901567458640784,0.016713585704565048
1750784781.2331917,0.0020855010952800512,0.000901567458640784,0.016713585704565048
1750784781.2332141,0.0020855010952800512,0.000901567458640784,0.016713585704565048
1750784781.2332366,0.0020855010952800512,0.000901567458640784,0.016713585704565048
1750784781.233259,0.0020855010952800512,0.000901567458640784,0.016713585704565048
1750784781.2332814,0.0020855010952800512,0.000901567458640784,0.016713585704565048
1750784781.2333035,0.0020855010952800512,0.000901567458640784,0.016713585704565048
1750784781.2333257,0.0020855010952800512,0.000901567458640784,0.016713585704565048
1750784781.2333481,0.0020855010952800512,0.000901567458640784,0.016713585704565048
1750784781.2333703,0.0020855010952800512,0.000901567458640784,0.016713585704565048
1750784781.233393,0.0020855010952800512,0.000901567458640784,0.016713585704565048
1750784781.2334151,0.0020855010952800512,0.000901567458640784,0.016713585704565048
1750784781.2334378,0.0020855010952800512,0.000901567458640784,0.016713585704565048
1750784781.23346,0.0020855010952800512,0.000901567458640784,0.016713585704565048
1750784781.233482,0.0020855010952800512,0.000901567458640784,0.016713585704565048
1750784781.2335045,0.0020855010952800512,0.000901567458640784,0.016713585704565048
1750784781.233527,0.0020855010952800512,0.000901567458640784,0.016713585704565048
1750784781.2335498,0.0020855010952800512,0.000901567458640784,0.016713585704565048
1750784781.2335773,0.0020855010952800512,0.000901567458640784,0.016713585704565048
1750784781.233607,0.0020855010952800512,0.000901567458640784,0.016713585704565048
1750784781.2336307,0.0020855010952800512,0.000901567458640784,0.016713585704565048
1750784781.2336578,0.0020855010952800512,0.000901567458640784,0.016713585704565048
1750784781.233683,0.0020855010952800512,0.000901567458640784,0.016713585704565048
1750784781.2337062,0.0020855010952800512,0.000901567458640784,0.016713585704565048
1750784781.233729,0.0020855010952800512,0.000901567458640784,0.016713585704565048
1750784781.2337513,0.0020855010952800512,0.000901567458640784,0.016713585704565048
1750784781.2337737,0.0020855010952800512,0.000901567458640784,0.016713585704565048
1750784781.2337961,0.0020855010952800512,0.000901567458640784,0.016713585704565048
1750784781.2338185,0.0020855010952800512,0.000901567458640784,0.016713585704565048
1750784781.2338412,0.0020855010952800512,0.000901567458640784,0.016713585704565048
1750784781.2338636,0.0020855010952800512,0.000901567458640784,0.016713585704565048
1750784781.233886,0.0020855010952800512,0.000901567458640784,0.016713585704565048
1750784781.2339082,0.0020855010952800512,0.000901567458640784,0.016713585704565048
1750784781.2339308,0.0020855010952800512,0.000901567458640784,0.016713585704565048
1750784781.2339535,-0.0005502105341292918,0.0009759505046531558,0.019174357876181602
1750784781.2385135,-0.0006222419324330986,0.001923545729368925,0.020323622971773148
1750784781.2433646,0.0011883118422701955,0.0010869374964386225,0.01822606846690178
1750784781.2481356,0.000297002523439005,-0.00044416653690859675,0.017479203641414642
1750784781.2529333,0.0029813020955771208,-0.0022060321643948555,0.019856290891766548
1750784781.2579982,0.0038270067889243364,-0.002489600796252489,0.021010376513004303
1750784781.262634,0.00017272750847041607,0.00012071674427716061,0.019245121628046036
1750784781.2675118,0.0007789731025695801,0.0005102597642689943,0.018105823546648026
1750784781.2723062,0.003438421757891774,-0.001355080516077578,0.019592979922890663
1750784781.2770746,0.004281735513359308,-0.0020380590576678514,0.02135511487722397
1750784781.2817938,0.002754531567916274,-0.0016334723914042115,0.021068871021270752
1750784781.286969,0.0014632175443693995,-0.0021038767881691456,0.018840085715055466
1750784781.291599,0.0018120610620826483,-0.0032182682771235704,0.01916249841451645
1750784781.2963622,0.0019473396241664886,-0.003504839725792408,0.019433535635471344
1750784781.301272,0.001938122557476163,-0.0029804036021232605,0.018675653263926506
1750784781.3059185,0.0006813996587879956,-0.0013478366890922189,0.01945001259446144
1750784781.3107882,-0.001162370084784925,0.0004450277774594724,0.018864374607801437
1750784781.315619,-0.000878382648807019,-0.0020513958297669888,0.019221575930714607
1750784781.3202846,0.0010831451509147882,-0.0029005452524870634,0.020260797813534737
1750784781.3252575,0.0010708012850955129,-0.00022889063984621316,0.018586017191410065
1750784781.3299756,-0.0009633690351620317,1.691191027930472e-05,0.01769181899726391
1750784781.3349295,-0.0009857320692390203,0.0006969794631004333,0.019154533743858337
1750784781.3396273,0.0014195766998454928,0.00038961644168011844,0.02084038034081459
1750784781.3444922,-0.001092146267183125,0.00015002726286184043,0.020955890417099
1750784781.3492966,-0.0021859235130250454,0.003574911504983902,0.018589438870549202
1750784781.353959,0.0007781872409395874,0.004781122785061598,0.018599145114421844
1750784781.3587542,-0.0013282370055094361,0.003402294358238578,0.018691137433052063
1750784781.3635361,-0.003439962165430188,0.0038914659526199102,0.01797429472208023
1750784781.368502,-0.0030774343758821487,0.005402993410825729,0.019078673794865608
1750784781.373244,-0.0010882768547162414,0.005214084405452013,0.018087541684508324
1750784781.3779998,4.787539364770055e-05,0.006582329049706459,0.01817530207335949
1750784781.3828518,-0.0027371591422706842,0.007452907506376505,0.019401563331484795
1750784781.3876753,-0.003573334775865078,0.0046240538358688354,0.019132599234580994
1750784781.392387,-0.0010961029911413789,0.004845010582357645,0.018924681469798088
1750784781.3971522,-0.0018294560723006725,0.006687744986265898,0.018981093540787697
1750784781.4019926,-0.001716773840598762,0.005626790691167116,0.018398838117718697
1750784781.4069588,-2.1320222003851086e-05,0.004266161471605301,0.01845383644104004
1750784781.4116569,-0.0017576069803908467,0.006009591743350029,0.018637752160429955
1750784781.416548,-0.0022547252010554075,0.005744199268519878,0.018398310989141464
1750784781.4214072,-0.0027403493877500296,0.004396833945065737,0.019809484481811523
1750784781.4260445,-0.0037666833959519863,0.004876470193266869,0.018254321068525314
1750784781.4308414,-0.0032555842772126198,0.00367523985914886,0.017664972692728043
1750784781.435782,-0.0034124671947211027,0.0036735765170305967,0.019927354529500008
1750784781.4405835,-0.003139257663860917,0.004193928092718124,0.020241862162947655
1750784781.4454055,-0.0012748697772622108,0.002683547092601657,0.019209077581763268
1750784781.4501276,-0.0011612717062234879,0.0021267589181661606,0.01877654157578945
1750784781.4549742,-0.00027559412410482764,0.0019243041751906276,0.0197250097990036
1750784781.45983,0.0013547727139666677,-0.0003044440527446568,0.019098270684480667
1750784781.464673,-0.0012390024494379759,-0.0009047789499163628,0.01942986436188221
1750784781.4694777,-0.0009999731555581093,-0.0010412631090730429,0.01900598034262657
1750784781.4741743,0.0001328054058831185,-0.0018150157993659377,0.018757779151201248
1750784781.4790757,-0.0003911326639354229,-0.0014365431852638721,0.019532449543476105
1750784781.483915,0.0012488255742937326,-0.001234299037605524,0.017822546884417534
1750784781.4885392,0.0004496991459745914,-0.002524782670661807,0.018593626096844673
1750784781.4934657,0.0012897863052785397,-0.0028919971082359552,0.018720373511314392
1750784781.4981778,0.0024531204253435135,-0.0018945850897580385,0.017940325662493706
1750784781.5029826,0.00193162786308676,-0.0022914756555110216,0.018802646547555923
1750784781.5078099,0.0029475849587470293,-0.002238007728010416,0.01933230087161064
1750784781.5127652,0.001970820128917694,-0.0009136217413470149,0.020155619829893112
1750784781.5173695,0.0026762986090034246,-0.0012809474719688296,0.018056264147162437
1750784781.5222547,0.003161115339025855,-0.0014158996054902673,0.017752887681126595
1750784781.5270476,0.0022804446052759886,-0.0001944470714079216,0.019609984010457993
1750784781.5318737,0.0030974396504461765,0.000843577494379133,0.01816336065530777
1750784781.5365982,0.002503732917830348,0.0024198235478252172,0.018767382949590683
1750784781.5414715,0.002841965528205037,0.00012125110515626147,0.019884470850229263
1750784781.546399,0.003291863715276122,-0.00026907571009360254,0.018919581547379494
1750784781.5511444,0.002306559821590781,0.002677795710042119,0.01897181198000908
1750784781.5559604,0.002055023331195116,0.002092971233651042,0.020531369373202324
1750784781.5608666,0.0018605644581839442,0.0024168924428522587,0.021095283329486847
1750784781.565525,0.0024957789573818445,0.002277684397995472,0.018558397889137268
1750784781.5702782,0.002131988061591983,0.0019925537053495646,0.018274758011102676
1750784781.5751605,-0.0001302090531680733,0.003282876219600439,0.019086455926299095
1750784781.580012,-0.0015472113154828548,0.002787594683468342,0.019160855561494827
1750784781.5848281,-0.0019361779559403658,0.002814541570842266,0.01933121867477894
1750784781.5895598,-0.0038887769915163517,0.0029904518742114305,0.018494755029678345
1750784781.5944612,-0.005044964607805014,0.0036727881524711847,0.01879936456680298
1750784781.5991695,-0.003147535026073456,0.006414530333131552,0.019402561709284782
1750784781.6039762,-0.002761844079941511,0.004104610998183489,0.020074961706995964
1750784781.6087358,-0.0031139906495809555,0.00262007606215775,0.018725544214248657
1750784781.613703,-0.0022557841148227453,0.005042580422013998,0.017605310305953026
1750784781.618374,-0.004312959033995867,0.004336392041295767,0.01949656568467617
1750784781.623485,-0.005273454822599888,0.0044288937933743,0.020473314449191093
1750784781.6280525,-0.00205083261243999,0.004014517646282911,0.01882096566259861
1750784781.6327298,-0.0030036454554647207,0.005362947937101126,0.017624400556087494
1750784781.6377902,-0.005670150276273489,0.005157239269465208,0.01852562464773655
1750784781.642564,-0.0027253078296780586,0.0017963987775146961,0.018884235993027687
1750784781.6473029,-0.0008073051576502621,0.0009955170098692179,0.018984954804182053
1750784781.6521668,-0.0025009324308484793,0.001256964635103941,0.01901586353778839
1750784781.656983,-0.0022354379761964083,0.002502556424587965,0.019843077287077904
1750784781.6617713,-0.0012199211632832885,0.0027446879539638758,0.01976514421403408
1750784781.6663592,-0.00041400588816031814,0.0034429719671607018,0.01799274981021881
1750784781.671353,-0.00028650194872170687,0.0037306086160242558,0.018294205889105797
1750784781.676179,0.0007286449545063078,0.001889363513328135,0.019905585795640945
1750784781.6809464,0.0009910980006679893,-0.0002945548330899328,0.01939576305449009
1750784781.6858568,0.0014551662607118487,0.0006481274031102657,0.017795877531170845
1750784781.690784,0.0032116661313921213,0.0022944833617657423,0.01868373341858387
1750784781.6954014,0.0021560238674283028,0.00026721172616817057,0.018928667530417442
1750784781.7001648,0.0026422026567161083,0.00043881271267309785,0.01826222613453865
1750784781.7050204,0.0037243494298309088,-0.00010023096547229216,0.018940523266792297
1750784781.7098691,0.0025387757923454046,-0.0016449822578579187,0.019939785823225975
1750784781.7146,0.0028543376829475164,0.00010797408322105184,0.019686032086610794
1750784781.71947,0.001771900337189436,-7.386158540612087e-05,0.017744839191436768
1750784781.7240984,0.0004839255416300148,-0.0002966397732961923,0.019226452335715294
1750784781.7289965,0.002453054767102003,-0.0017590471543371677,0.019524147734045982
1750784781.7339654,0.003103221533820033,-0.0014491868205368519,0.017333410680294037
1750784781.738608,0.002701955148950219,0.0006265151896513999,0.018570268526673317
1750784781.743446,0.003793880110606551,-0.0004315248515922576,0.018959863111376762
1750784781.7482595,0.0020723333582282066,-7.293967792065814e-05,0.01888122968375683
1750784781.7529547,0.0012078129220753908,-0.000945971580222249,0.017296569421887398
1750784781.7580266,0.0035575900692492723,-0.0009750670287758112,0.017075804993510246
1750784781.762807,0.001461695064790547,-0.000260930391959846,0.018918151035904884
1750784781.7675576,-0.0001083103270502761,-0.001084927935153246,0.018964536488056183
1750784781.7724156,-9.33542542043142e-05,0.0007846811786293983,0.019030332565307617
1750784781.7770605,0.00025368304341100156,0.001654715626500547,0.017422419041395187
1750784781.7819967,0.0007420422043651342,0.0010366362985223532,0.01837599277496338
1750784781.7867763,0.00031954137375578284,0.001685749040916562,0.020057745277881622
1750784781.7915661,-0.0012042646994814277,0.0005774335586465895,0.019488833844661713
1750784781.796254,-0.0016466256929561496,0.0015992089174687862,0.019438832998275757
1750784781.8010545,-0.001377039821818471,0.0038903309032320976,0.018229201436042786
1750784781.806178,-0.0030095207039266825,0.0019644733984023333,0.018462037667632103
1750784781.810865,-0.001506245695054531,0.0020278943702578545,0.020517893135547638
1750784781.8154666,-0.002270728349685669,0.003366367658600211,0.019212832674384117
1750784781.8205173,-0.004428153391927481,0.0038687975611537695,0.018658628687262535
1750784781.8251193,-0.003375753527507186,0.005413490813225508,0.019261812791228294
1750784781.8299167,-0.0012682439992204309,0.004580595996230841,0.01818566396832466
1750784781.8347604,-0.0005631308304145932,0.005491348449140787,0.01798316091299057
1750784781.8395844,-0.004401096608489752,0.006579478736966848,0.018075590953230858
1750784781.8444083,-0.003509671427309513,0.005807569716125727,0.019261559471488
1750784781.8491805,-0.0016995036276057363,0.005028537940233946,0.019037695601582527
1750784781.854014,-0.0041957274079322815,0.005056010093539953,0.017887428402900696
1750784781.8587623,-0.002028729533776641,0.005954918917268515,0.018729107454419136
1750784781.8636682,-0.0016909968107938766,0.00488040316849947,0.01944037899374962
1750784781.8685293,-0.0030087954364717007,0.004844140727072954,0.019454339519143105
1750784781.8731585,-0.0019021367188543081,0.003527713706716895,0.01883193850517273
1750784781.8779743,-0.001124142436310649,0.0038799098692834377,0.018650177866220474
1750784781.8828228,-0.0006931329844519496,0.004935114178806543,0.019431207329034805
1750784781.8875122,-0.0012240957003086805,0.002641848986968398,0.01798715814948082
1750784781.8924305,-0.0013833560515195131,0.0015677318442612886,0.017234159633517265
1750784781.8972921,-0.0018712874734774232,0.0007948618149384856,0.018734797835350037
1750784781.9020364,-0.001832079840824008,0.0015659284545108676,0.018502863124012947
1750784781.906757,0.0010498723713681102,0.0010026992531493306,0.01904122903943062
1750784781.9118397,0.0012731970055028796,0.0007433616556227207,0.019716855138540268
1750784781.916516,0.0006830012425780296,0.001599987386725843,0.018089616671204567
1750784781.9213402,0.0024824836291372776,-0.00019142816017847508,0.018503805622458458
1750784781.9261668,0.0009147669188678265,0.00035077636130154133,0.019014669582247734
1750784781.9308712,0.0004694023518823087,0.0007921805954538286,0.018540527671575546
1750784781.9357135,0.0007516375626437366,-0.0020625609904527664,0.019786033779382706
1750784781.9405868,-0.0002987331245094538,-0.002814575331285596,0.01973477564752102
1750784781.9452531,0.0017174060922116041,-0.0010022919159382582,0.018961405381560326
1750784781.9500425,0.0025134060997515917,-0.0018923288444057107,0.01838086172938347
1750784781.9549131,-0.0014012041501700878,-0.0031212379690259695,0.019393032416701317
1750784781.959776,-0.0025836946442723274,-0.0024954453110694885,0.0202654879540205
1750784781.964566,0.0004756595881190151,-0.0017885344568639994,0.019715579226613045
1750784781.9692502,0.0016156838973984122,-0.0010652805212885141,0.019989024847745895
1750784781.9741392,0.0019901604391634464,-0.0010028842370957136,0.018996113911271095
1750784781.9788384,0.002570487791672349,-0.0022843291517347097,0.018232502043247223
1750784781.983737,0.002627674024552107,-0.002310044365003705,0.01925119198858738
1750784781.9886417,0.0017009344883263111,-0.0005227217334322631,0.01868327334523201
1750784781.9934084,0.0009473379468545318,-0.00019403541227802634,0.018009016290307045
1750784781.99818,0.00041066392441280186,-0.0010405146749690175,0.018741218373179436
1750784782.0029037,-0.00015247143164742738,-0.00018658243061508983,0.018773598596453667
1750784782.0079834,0.0004319440049584955,0.002189742401242256,0.018725359812378883
1750784782.012701,0.0008895063656382263,0.0032542936969548464,0.01967482641339302
1750784782.0174625,0.002215881133452058,0.0024882310535758734,0.020091090351343155
1750784782.0224276,0.0001589423045516014,0.00382949854247272,0.017685744911432266
1750784782.0269969,-0.0007137744687497616,0.00498774042353034,0.01791512593626976
1750784782.0318577,0.0020909623708575964,0.003347231075167656,0.01897476240992546
1750784782.0366557,-0.00023093652271199971,0.0026558302342891693,0.018236985430121422
1750784782.0415277,-0.0011205500923097134,0.0035530924797058105,0.018651029095053673
1750784782.0462737,-0.0018003553850576282,0.005804554559290409,0.01787511073052883
1750784782.0510712,-0.001522418693639338,0.003977880347520113,0.01951572485268116
1750784782.055788,0.0002577963168732822,0.004247643053531647,0.018826784566044807
1750784782.0605948,-0.003158592153340578,0.006211004685610533,0.017122291028499603
1750784782.06541,-0.0026237941347062588,0.00468698563054204,0.018511127680540085
1750784782.070227,-0.002997011411935091,0.0062339697033166885,0.017607465386390686
1750784782.0749898,-0.004892091266810894,0.004757123067975044,0.01928410679101944
1750784782.079946,-0.001891901483759284,0.0021996560972183943,0.018909363076090813
1750784782.0845706,-0.003085461212322116,0.003716337261721492,0.01651816815137863
1750784782.0893695,-0.0029549142345786095,0.004838255234062672,0.018579231575131416
1750784782.0942278,-0.0019867715891450644,0.005285228136926889,0.018690206110477448
1750784782.0990562,-0.004382316488772631,0.003368634730577469,0.018284110352396965
1750784782.103866,-0.0031857655849307775,0.001497583114542067,0.019619928672909737
1750784782.1110163,-0.0026570779737085104,0.004208514932543039,0.018224645406007767
1750784782.1134708,-0.003180260770022869,0.003633055603131652,0.01717766933143139
1750784782.1182427,-0.0024856391828507185,0.0019402463221922517,0.018700359389185905
1750784782.123029,-0.0021670490968972445,0.0038692201487720013,0.018265478312969208
1750784782.1287596,-0.0007185544818639755,0.0038337784353643656,0.01812603324651718
1750784782.1357882,-0.0013455693842843175,0.00184052309487015,0.019683990627527237
1750784782.1375535,-0.0012278626672923565,-0.0003349347389303148,0.019122658297419548
1750784782.1435037,0.0007125980919227004,-0.0005507334135472775,0.017606256529688835
1750784782.1470892,-0.00040943798376247287,-0.0005698802415281534,0.016302797943353653
1750784782.151922,0.0006832417566329241,-0.0013519255444407463,0.01878286711871624
1750784782.1567311,0.00018017079855781049,0.0001868373656179756,0.020959923043847084
1750784782.16153,-0.0002988933410961181,-0.00037420293665491045,0.018251391127705574
1750784782.1663256,0.0019887625239789486,-0.0033856716472655535,0.01778290793299675
1750784782.1712053,0.0007109753787517548,-0.0011094438377767801,0.01888505555689335
1750784782.1759593,0.00032317201839759946,0.0008382861269637942,0.018999934196472168
1750784782.1808167,0.001016876194626093,-0.002409428358078003,0.018697217106819153
1750784782.1858327,0.0015704312827438116,-0.001834234339185059,0.019004005938768387
1750784782.190386,0.0036371510941535234,0.00039497774560004473,0.01937759295105934
1750784782.1953356,0.003380178939551115,-0.0018555076094344258,0.018808411434292793
1750784782.200036,0.0018827728927135468,-0.0010601809481158853,0.01810910552740097
1750784782.205108,0.0016270758351311088,0.0004851835547015071,0.017662663012742996
1750784782.2127867,0.0004462412907741964,-0.0007585729472339153,0.018485499545931816
1750784782.2143629,0.00042908647446893156,4.319024083088152e-05,0.019220760092139244
1750784782.2191808,0.0012517482973635197,0.0002373147290199995,0.019214950501918793
1750784782.226082,0.002704502549022436,0.001179941464215517,0.018605951219797134
1750784782.2348254,0.002153813373297453,-0.00030982872704043984,0.01871941238641739
1750784782.234965,6.25881293672137e-05,-0.0010768361389636993,0.019450543448328972
1750784782.2384114,0.000636122771538794,0.002269387012347579,0.019450010731816292
1750784782.2432075,-5.0860460760304704e-05,0.00137797009665519,0.019138436764478683
1750784782.2481244,-0.0006962015177123249,0.002196388551965356,0.017389200627803802
1750784782.2528543,-0.00025045278016477823,0.0034229401499032974,0.017158765345811844
1750784782.2578566,-0.0017069329041987658,0.0013253729557618499,0.018175963312387466
1750784782.2625818,-0.0022984470706433058,0.0020501678809523582,0.017382001504302025
1750784782.2672489,-0.0003760666586458683,0.0035978639498353004,0.018484478816390038
1750784782.272054,-0.0011731218546628952,0.004784465301781893,0.01934169791638851
1750784782.2768538,-0.0028684716671705246,0.0048331101424992085,0.019072765484452248
1750784782.2816865,-0.002646833658218384,0.004558771848678589,0.019626639783382416
1750784782.2867026,-0.003990386612713337,0.005753011908382177,0.018486427143216133
1750784782.2913268,-0.002502656076103449,0.003850323846563697,0.017171263694763184
1750784782.296351,-0.0018601857591420412,0.0022424343042075634,0.018295742571353912
1750784782.3013194,-0.0023411153815686703,0.0031259353272616863,0.018141018226742744
1750784782.3057659,-0.0014448582660406828,0.0042820945382118225,0.01633157767355442
1750784782.3105643,-0.003194906748831272,0.00495882099494338,0.01701120100915432
1750784782.3155444,-0.0030267382971942425,0.0063816821202635765,0.01879831776022911
1750784782.3208396,-0.002773872809484601,0.006525135599076748,0.019733184948563576
1750784782.325061,-0.002835171530023217,0.0042262268252670765,0.018476467579603195
1750784782.3298109,-0.002561109373345971,0.005042515695095062,0.016833249479532242
1750784782.3347883,-0.0016413985285907984,0.003548355307430029,0.017788266763091087
1750784782.3393383,-0.000419527234043926,0.0028352253139019012,0.0182746984064579
1750784782.3446338,-0.004058430436998606,0.0040060183964669704,0.017597796395421028
1750784782.3491118,-0.003929503262042999,0.0032382006756961346,0.018487149849534035
1750784782.3561878,0.0001916514738695696,0.0030382713302969933,0.01833624579012394
1750784782.3587534,0.00012867421901319176,0.0014900725800544024,0.019644899293780327
1750784782.3635523,0.0002528562326915562,0.0018869894556701183,0.01998586766421795
1750784782.3682308,0.0010373069671913981,0.002386716892942786,0.017213892191648483
1750784782.3730383,0.0024766065180301666,0.0013328762724995613,0.01911485753953457
1750784782.377943,0.0010499785421416163,0.001759273000061512,0.020483553409576416
1750784782.3828363,0.0005953552899882197,0.0017163582378998399,0.01866949535906315
1750784782.3875191,0.002942553721368313,8.4674458776135e-05,0.017193883657455444
1750784782.392261,0.0018854604568332434,-0.0012923389440402389,0.018190251663327217
1750784782.3970923,0.00242109433747828,-0.0013827028451487422,0.019765658304095268
1750784782.4018888,0.0016321695875376463,-0.0018827449530363083,0.01869962550699711
1750784782.4066324,0.0020196991972625256,-0.002449894556775689,0.018070833757519722
1750784782.4115992,0.001893237349577248,-0.002160017378628254,0.017753854393959045
1750784782.4163644,-0.00024515078985132277,-0.003454093122854829,0.01748814433813095
1750784782.4211302,0.0017099248943850398,-0.001444416120648384,0.01763332262635231
1750784782.4258997,0.00032282975735142827,-0.0005284393555484712,0.018785204738378525
1750784782.430824,-0.000696789298672229,-0.0024595558643341064,0.018881848081946373
1750784782.4355586,0.0022994177415966988,-0.0008839172660373151,0.019183309748768806
1750784782.4403846,0.001929921330884099,-0.001004499732516706,0.01939237490296364
1750784782.4453053,0.0004720920405816287,-0.001233249087817967,0.01750759221613407
1750784782.45006,-8.189791697077453e-05,-0.0009115730063058436,0.017214439809322357
1750784782.4550474,-1.9831944882753305e-05,-0.001190128386951983,0.018967578187584877
1750784782.4597428,0.0022580453660339117,-0.0009988807141780853,0.020055871456861496
1750784782.4645774,0.0022727844770997763,0.0010087263071909547,0.018936200067400932
1750784782.4691954,0.00067281344672665,0.0021874422673135996,0.01857791841030121
1750784782.474137,0.00012269281432963908,0.0011439868248999119,0.0194767527282238
1750784782.478881,-6.302847032202408e-05,0.0021583582274615765,0.01857408881187439
1750784782.4835656,-0.000519581139087677,0.003819344099611044,0.017437081784009933
1750784782.4885612,-0.003528354922309518,0.005047996994107962,0.01825067400932312
1750784782.4933171,-0.003418023930862546,0.004996936768293381,0.0183845404535532
1750784782.4980986,-0.001045675715431571,0.003011399181559682,0.017275357618927956
1750784782.5029197,-0.00296403537504375,0.0026405598036944866,0.01882258988916874
1750784782.507761,-0.002319777850061655,0.004220861010253429,0.01989647001028061
1750784782.5124514,-0.0010428116656839848,0.003723149886354804,0.016766127198934555
1750784782.517355,-0.001001552795059979,0.0033221787307411432,0.018472490832209587
1750784782.5220873,-0.0015923406463116407,0.004300211556255817,0.020222147926688194
1750784782.526891,-0.004839595872908831,0.005428660660982132,0.018345342949032784
1750784782.5316465,-0.0034863424953073263,0.0054893274791538715,0.01859327405691147
1750784782.5367064,-0.002472721505910158,0.0034200341906398535,0.018800782039761543
1750784782.541418,-0.0024213572032749653,0.003706869203597307,0.019659779965877533
1750784782.5460691,-0.0026062666438519955,0.0036476433742791414,0.0191667377948761
1750784782.5509257,-0.0027085868641734123,0.003293024841696024,0.017868150025606155
1750784782.5557806,0.0008144701714627445,0.004038572311401367,0.01748836226761341
1750784782.56066,-0.0005604092730209231,0.003316162619739771,0.018488682806491852
1750784782.5653532,-0.003164994763210416,0.0026403830852359533,0.018382679671049118
1750784782.5701606,-0.0022322481963783503,0.002839507767930627,0.01808016374707222
1750784782.574922,-0.0007021991186775267,0.0022940970957279205,0.01938718743622303
1750784782.5798604,0.00042498635593801737,0.00013824462075717747,0.019190199673175812
1750784782.5847473,-0.0009499837760813534,0.0004971899325028062,0.01916583627462387
1750784782.5894706,0.00018087151693180203,0.0022125409450381994,0.019883129745721817
1750784782.594192,0.0009482089662924409,0.0012575674336403608,0.018447119742631912
1750784782.599007,-0.0016442738706246018,-0.0016687060706317425,0.01740982010960579
1750784782.6039672,0.0016748501220718026,-0.00022989106946624815,0.018938768655061722
1750784782.608619,0.0046164668165147305,0.001455236109904945,0.01909729465842247
1750784782.6135328,0.0021516343113034964,-0.0014308817917481065,0.019165420904755592
1750784782.618394,0.0022696598898619413,-0.000566320086363703,0.018111715093255043
1750784782.6229944,0.0022676908411085606,0.0005625397898256779,0.017809446901082993
1750784782.6279378,0.0010031043784692883,-0.00022236442600842565,0.019520798698067665
1750784782.6327744,0.001575502916239202,-0.0006880599539726973,0.01945342868566513
1750784782.6375782,0.0005306359380483627,-0.0013160101370885968,0.018802260980010033
1750784782.6422431,0.0006016746046952903,-7.387093501165509e-05,0.02050250954926014
1750784782.6470258,0.0033744175452739,-0.0012563480995595455,0.02059740014374256
1750784782.651985,0.0034030438400804996,-0.001295620109885931,0.01734311133623123
1750784782.6565857,0.0012724706903100014,-0.00013347707863431424,0.018404776230454445
1750784782.6614974,0.0019425282953307033,-0.0008721582125872374,0.020360605791211128
1750784782.6664813,0.0002458239032421261,-0.00019696044910233468,0.017912963405251503
1750784782.671117,-0.0010730735957622528,-0.001276651513762772,0.01632623001933098
1750784782.6759396,-9.647341357776895e-06,8.572713340981863e-06,0.018630027770996094
1750784782.6807992,-0.0009951562387868762,-0.00013070943532511592,0.018415017053484917
1750784782.6856155,1.2525646525318734e-05,-0.0014189990470185876,0.0179863590747118
1750784782.6904829,-0.0010513014858588576,0.0016645778669044375,0.019186044111847878
1750784782.6952353,-0.00023122725542634726,0.0007057393668219447,0.017355825752019882
1750784782.6999402,0.0007688277401030064,0.0014180727303028107,0.01778401993215084
1750784782.7050014,-0.0028722411952912807,0.004005901515483856,0.01987551525235176
1750784782.7094886,-0.0023456832859665155,0.0018636976601555943,0.01904984563589096
1750784782.714461,-0.00019895011791959405,0.0020604394376277924,0.017615564167499542
1750784782.7193117,-0.0014315666630864143,0.0036455767694860697,0.017838940024375916
1750784782.7239995,-0.0033150173258036375,0.002901502652093768,0.01909520849585533
1750784782.7289438,-0.0020836663898080587,0.003391600213944912,0.01933753304183483
1750784782.733707,-0.002417871030047536,0.004030190873891115,0.01791219599545002
1750784782.7383661,-0.0037545268423855305,0.004270115401595831,0.018575673922896385
1750784782.7433028,-0.0017365608364343643,0.005216970574110746,0.020519912242889404
1750784782.748008,-0.0017207320779561996,0.0048985774628818035,0.020068708807229996
1750784782.7530253,-0.0016932012513279915,0.004557306878268719,0.018559742718935013
1750784782.757706,-0.001429487601853907,0.003880699397996068,0.01689794845879078
1750784782.7625403,-0.001748874899931252,0.0024012315552681684,0.01737808808684349
1750784782.7673383,-0.0014813876478001475,0.00291263940744102,0.01933654397726059
1750784782.7723787,-0.0016540992073714733,0.004749721381813288,0.019249044358730316
1750784782.7769778,-0.001261410303413868,0.005989999044686556,0.019422143697738647
1750784782.7815998,-0.00013891197158955038,0.005251477472484112,0.01955835148692131
1750784782.786572,-0.00011476163490442559,0.004075407516211271,0.018115777522325516
1750784782.7913482,-0.0015275386394932866,0.00426073931157589,0.018542848527431488
1750784782.7961185,-0.0013885379303246737,0.003637945279479027,0.01805282197892666
1750784782.8009882,-0.00034367406624369323,0.003684330964460969,0.017841584980487823
1750784782.8057575,0.00018510117661207914,0.00359393865801394,0.01920526660978794
1750784782.8104832,0.00032775854924693704,0.0009651914006099105,0.018600627779960632
1750784782.8153121,-0.0003695230116136372,0.0010761935263872147,0.018124260008335114
1750784782.8201098,0.0009887631749734282,0.002073728945106268,0.017733192071318626
1750784782.824953,0.003311639651656151,-4.7954115871107206e-05,0.019000288099050522
1750784782.8297982,0.0015091554960235953,0.0008137315162457526,0.01888824626803398
1750784782.8347082,0.00021163673955015838,0.00101717677898705,0.01666613109409809
1750784782.8394072,0.0018957160646095872,-0.0007881645578891039,0.017208406701683998
1750784782.844303,0.001676504616625607,0.0006497891154140234,0.019333599135279655
1750784782.849019,0.0009090380044654012,-0.00026196124963462353,0.019930705428123474
1750784782.8540175,0.001296183210797608,-0.0007060858188197017,0.017718041315674782
1750784782.8585968,0.0008624055772088468,-0.000995854614302516,0.01613331027328968
1750784782.8635106,-0.00030901620630174875,-0.0025695953518152237,0.018938973546028137
1750784782.8684304,-0.0020736854057759047,-0.0017953861970454454,0.01994710974395275
1750784782.8730242,-0.0010122711537405849,-0.000211676859180443,0.018472380936145782
1750784782.878123,0.001815520809032023,2.1277188352541998e-05,0.01856531761586666
1750784782.8827662,0.0010576429776847363,-0.0018282595556229353,0.017272964119911194
1750784782.887592,0.0010364062618464231,-0.0009567249799147248,0.017844561487436295
1750784782.8922117,0.0013800833839923143,-0.0002785981632769108,0.019538119435310364
1750784782.8970942,0.0006804130971431732,-0.0008406470296904445,0.01851426623761654
1750784782.902138,-0.00046059544547460973,-0.0004697393160313368,0.0171807873994112
1750784782.906839,-0.0012415520614013076,-6.27264817012474e-05,0.018579453229904175
1750784782.911633,-0.0013503298396244645,0.00020346623205114156,0.019923662766814232
1750784782.9162614,1.3044206752965692e-05,-0.0005873775226064026,0.0189569853246212
1750784782.921049,0.0020784051157534122,-7.363969780271873e-05,0.018309740349650383
1750784782.925909,-0.0006318188388831913,0.0011724564246833324,0.019784562289714813
1750784782.9307816,-0.00014730467228218913,0.0031105861999094486,0.020142043009400368
1750784782.9355817,-0.00016650560428388417,0.0030098813585937023,0.018488340079784393
1750784782.94057,-0.002768786856904626,0.0013825764181092381,0.017558034509420395
1750784782.9451854,-0.0015152257401496172,0.0036312153097242117,0.017543112859129906
1750784782.9499426,-0.0030783708207309246,0.0046999151818454266,0.01795727014541626
1750784782.9548306,-0.0014676671708002687,0.004589705262333155,0.017779117450118065
1750784782.9597235,3.179280611220747e-05,0.004552607890218496,0.019020002335309982
1750784782.9643707,-0.001811694703064859,0.0037249168381094933,0.020358437672257423
1750784782.9694197,-0.0020993459038436413,0.0031929039396345615,0.01976797729730606
1750784782.9739275,-0.0027853406500071287,0.004165055230259895,0.018076838925480843
1750784782.978781,-0.000343712221365422,0.005056092049926519,0.016688456758856773
1750784782.9836926,-0.001101383357308805,0.0035857916809618473,0.01752939447760582
1750784782.9884942,-0.0027597167063504457,0.004320796579122543,0.01924939639866352
1750784782.9932952,-0.002298089675605297,0.003778134472668171,0.01868378184735775
1750784782.9979978,-0.001827991334721446,0.0034927900414913893,0.016800666227936745
1750784783.0028946,-0.0007636363734491169,0.0052640242502093315,0.018346652388572693
1750784783.0076923,-0.0019103869562968612,0.0030027625616639853,0.019450325518846512
1750784783.0125492,-0.0013168745208531618,0.00278938258998096,0.019005442038178444
1750784783.017361,-0.0009185957023873925,0.003705914132297039,0.019358912482857704
1750784783.0219584,-0.001337922876700759,0.0021197269670665264,0.018529312685132027
1750784783.0268884,-0.0013164436677470803,0.002688762964680791,0.01874818094074726
1750784783.031633,-0.0029712605755776167,0.0020966792944818735,0.01854296401143074
1750784783.036561,-0.0034493000712245703,0.0010415972210466862,0.0186905600130558
1750784783.0414479,-0.0009686334524303675,0.00042497843969613314,0.017698241397738457
1750784783.046142,-0.0006514720153063536,0.0007022033096291125,0.01849803514778614
1750784783.050982,-0.0008694494026713073,0.0018567091319710016,0.019795505329966545
1750784783.0558012,-0.00044389997492544353,0.001294927322305739,0.016419783234596252
1750784783.0606275,-0.00054889329476282,0.0008607822237536311,0.018319183960556984
1750784783.0655098,0.000900307553820312,-0.0001991950412048027,0.020551661029458046
1750784783.0702684,0.0013532969169318676,0.00032855727476999164,0.01953710801899433
1750784783.0749831,0.0017082961276173592,-0.0004382504557725042,0.017962755635380745
1750784783.0797188,0.0007936527254059911,-0.0015695398906245828,0.016618533059954643
1750784783.084678,0.00020300544565543532,-0.0011146209435537457,0.018566932529211044
1750784783.0893302,0.000978507217951119,-0.002969438675791025,0.018666036427021027
1750784783.0942361,0.002728804247453809,-0.0003737338993232697,0.018020424991846085
1750784783.098978,0.0030523077584803104,0.0009986456716433167,0.01782999001443386
1750784783.1039,0.002517835469916463,-0.0014150452334433794,0.01863177679479122
1750784783.1085784,0.001484579755924642,0.00023480464005842805,0.018074028193950653
1750784783.1134787,0.00020010813022963703,-0.00036609332892112434,0.017480529844760895
1750784783.118217,0.002449591411277652,-0.00036216623266227543,0.01932242140173912
1750784783.123098,0.0009580032201483846,0.0001955734333023429,0.01680850423872471
1750784783.127936,0.0008379414794035256,-0.0010612051701173186,0.018369942903518677
1750784783.1327577,0.0028184789698570967,-0.00012410894851200283,0.02063153125345707
1750784783.137504,-0.0006664678221568465,0.0005211098468862474,0.0173095241189003
1750784783.1422403,-0.0007407850935123861,0.0011766996467486024,0.01782766543328762
1750784783.1470337,0.0017410770524293184,0.001339127542451024,0.018939323723316193
1750784783.1519122,-0.000540252192877233,0.002075064927339554,0.019225791096687317
1750784783.1568449,-0.0010384614579379559,0.0029492450412362814,0.019321415573358536
1750784783.1616094,-8.581433212384582e-05,0.0022070559207350016,0.018784726038575172
1750784783.1663935,0.0005173373501747847,0.0014949750620871782,0.01937413215637207
1750784783.1710193,-0.0005964121082797647,0.003251467365771532,0.01860871911048889
1750784783.175932,-0.003771452233195305,0.0029998631216585636,0.01895357295870781
1750784783.1805918,-0.00047111421008594334,0.0016345002222806215,0.020083969458937645
1750784783.1854863,-0.0005745321977883577,0.0033423001877963543,0.018004968762397766
1750784783.1904287,-0.0045781489461660385,0.003426306415349245,0.017848480492830276
1750784783.195086,-0.0031486542429775,0.0028933221474289894,0.018919330090284348
1750784783.2001042,-0.0028083832003176212,0.0028720074333250523,0.018634742125868797
1750784783.2048247,-0.003507006447762251,0.0031205385457724333,0.01941804774105549
1750784783.209692,-0.0043309153988957405,0.0034390524961054325,0.019223712384700775
1750784783.214392,-0.0036586145870387554,0.0035581563133746386,0.018512852489948273
1750784783.2192624,-0.002577467355877161,0.0029722959734499454,0.019127966836094856
1750784783.2239676,-0.0041260430589318275,0.0026957925874739885,0.01931312493979931
1750784783.2288563,-0.00276260357350111,0.002964561805129051,0.018228627741336823
1750784783.2337186,-0.0024870880879461765,0.0033685246016830206,0.019120657816529274
1750784783.2384179,-0.0021752361208200455,0.002776601118966937,0.019744569435715675
1750784783.2432778,-0.00023676133423577994,0.002088798675686121,0.017724568024277687
1750784783.2480824,-0.002642883686348796,0.0028455830179154873,0.01892368495464325
1750784783.252929,-0.002454370493069291,0.0016468004323542118,0.02049294114112854
1750784783.2577374,-0.0013446626253426075,0.00213121366687119,0.018440386280417442
1750784783.2625425,-0.0006132058333605528,0.002079692902043462,0.0177634134888649
1750784783.267213,0.0007724713068455458,0.0019391097594052553,0.018830373883247375
1750784783.27191,-0.0005615613190457225,0.0033394594211131334,0.01786652021110058
1750784783.277014,0.00011253194679738954,0.0008538734400644898,0.01733415760099888
1750784783.281787,0.00019064194930251688,-0.00013909596600569785,0.01988178864121437
1750784783.2867517,0.0007135632913559675,0.0011937974486500025,0.020139407366514206
1750784783.291355,0.003081024158746004,6.348657188937068e-05,0.019354071468114853
1750784783.296098,0.0027893183287233114,-0.0009800129337236285,0.02046884410083294
1750784783.3009727,0.0009070596424862742,-0.0007704871241003275,0.01979745179414749
1750784783.3055918,0.0008196929120458663,-0.001766124158166349,0.01920371875166893
1750784783.3105125,0.0023233273532241583,-0.0018817420350387692,0.018979135900735855
1750784783.3153832,0.0017972126370295882,-0.0013105379184708,0.019194604828953743
1750784783.3202274,0.0023720436729490757,-0.0007154160994105041,0.02054877020418644
1750784783.3249433,0.0031222128309309483,0.0004629223549272865,0.019471319392323494
1750784783.3298109,0.0007801110041327775,-0.0002634830598253757,0.017741413787007332
1750784783.334632,0.0010927293915301561,-0.0011192166712135077,0.018419872969388962
1750784783.339542,0.0023270640522241592,0.0007996274507604539,0.0189660657197237
1750784783.3443706,0.001644238829612732,0.0010274482192471623,0.01803501509130001
1750784783.3490055,0.001912725274451077,-0.001261806464754045,0.019499551504850388
1750784783.354012,0.0006764263962395489,-0.0013818969018757343,0.020897239446640015
1750784783.3585489,0.0008022593101486564,0.0006460571312345564,0.02014206536114216
1750784783.3634453,0.0023871527519077063,0.001938908128067851,0.01892121136188507
1750784783.3682456,-0.00043722274131141603,0.0007594556082040071,0.018561629578471184
1750784783.3729858,-0.0017233132384717464,0.00098443403840065,0.0189005546271801
1750784783.3779209,-0.00111705984454602,0.001521863043308258,0.01744728535413742
1750784783.3826053,-6.668493006145582e-05,0.0010926563991233706,0.019009018316864967
1750784783.387564,0.00236887508071959,0.0013629337772727013,0.019608618691563606
1750784783.3922646,-0.0021492107771337032,0.0021315552294254303,0.019144417718052864
1750784783.3970006,-0.004224108066409826,0.0029241747688502073,0.020339755341410637
1750784783.4018686,-0.0010614476632326841,0.0019647174049168825,0.01913401111960411
1750784783.406644,-0.0029761516489088535,0.0015397770330309868,0.018830828368663788
1750784783.4115922,-0.0032785055227577686,0.0015380320837721229,0.018794896081089973
1750784783.41635,-0.0020997144747525454,0.004135737195611,0.01836189068853855
1750784783.4211295,-0.0021393997594714165,0.00530938059091568,0.018583014607429504
1750784783.425843,-0.0016819966258481145,0.0034175252076238394,0.019414391368627548
1750784783.4306011,-0.0037041623145341873,0.004224840085953474,0.01955212838947773
1750784783.4354703,-0.003630620427429676,0.004381037782877684,0.019639495760202408
1750784783.4402752,-0.0025439297314733267,0.00414934940636158,0.0185713991522789
1750784783.4450567,-0.0023342736531049013,0.0037451668176800013,0.01767297275364399
1750784783.4500635,-0.0006244436954148114,0.004011590965092182,0.019485795870423317
1750784783.4549663,-0.002418925054371357,0.004470096435397863,0.018948933109641075
1750784783.459517,-0.0025503935758024454,0.00320868450216949,0.01759677566587925
1750784783.4644203,-0.001929868827573955,0.0023776341695338488,0.016694070771336555
1750784783.469204,-0.0013924838276579976,0.002988036721944809,0.01742464303970337
1750784783.4739838,-0.0001738382561597973,0.0038376529701054096,0.02057839184999466
1750784783.4788768,-0.0018334673950448632,0.001676572603173554,0.019282838329672813
1750784783.483549,0.0005031296750530601,0.0014401806984096766,0.01794710010290146
1750784783.4884255,0.0014880314702168107,0.002345816232264042,0.01976657845079899
1750784783.4932473,-0.000967842701356858,0.0013924151426181197,0.02061769738793373
1750784783.497996,-0.0006173521978780627,0.0030372755136340857,0.020352577790617943
1750784783.5027535,-0.0011889063753187656,0.001515098731033504,0.017883185297250748
1750784783.5076792,-0.0009703211835585535,0.0004895699676126242,0.01878092996776104
1750784783.512508,0.0005271849222481251,0.0014408197021111846,0.020291734486818314
1750784783.5172956,-0.00011623198224697262,0.0001600494288140908,0.019343074411153793
1750784783.5219498,0.0018096419516950846,0.0012608628021553159,0.01981227844953537
1750784783.5269675,0.0016290589701384306,0.000517800566740334,0.017853429540991783
1750784783.5317707,0.0007102809031493962,-0.0017936851363629103,0.018442846834659576
1750784783.5364068,0.0012574633583426476,-0.0011718255700543523,0.021004563197493553
1750784783.5411725,9.996390144806355e-05,-0.0006071048555895686,0.018047012388706207
1750784783.5460246,0.00031925871735438704,-0.0009258088539354503,0.01740480586886406
1750784783.5509899,0.00025120950886048377,-0.00018042727606371045,0.021234676241874695
1750784783.5556705,0.000233671220485121,-7.731046935077757e-06,0.02033558301627636
1750784783.560503,0.0011850895825773478,-0.0002258719177916646,0.01764143817126751
1750784783.5654283,7.050728163449094e-05,-0.0006465138285420835,0.018469491973519325
1750784783.570067,-0.00023916902136988938,-0.0027722357772290707,0.019251566380262375
1750784783.5751526,0.002409502863883972,-0.001297165174037218,0.01888630911707878
1750784783.5798385,0.0006366457091644406,0.0012041705194860697,0.017772994935512543
1750784783.584509,0.001282431068830192,5.455372229334898e-05,0.017121316865086555
1750784783.5894234,0.0018813504138961434,-0.0005677202134393156,0.018966227769851685
1750784783.594085,-0.00121471902821213,5.036388029111549e-05,0.019495347514748573
1750784783.5988655,5.018703086534515e-05,0.0007987289573065937,0.01838867925107479
1750784783.6037593,0.0004903734079562128,0.0023744171485304832,0.018858077004551888
1750784783.6085377,-0.0014711121330037713,0.0026170217897742987,0.01757047139108181
1750784783.6132176,-0.0026732194237411022,0.0016529123531654477,0.017068637534976006
1750784783.618308,-0.0010231353808194399,0.003278661286458373,0.017602823674678802
1750784783.6229854,0.00027352606412023306,0.002983013866469264,0.01779414527118206
1750784783.6278033,-0.001951945829205215,0.0038384024519473314,0.01794574223458767
1750784783.6326745,-0.0010996130295097828,0.005972528364509344,0.019196735695004463
1750784783.6375759,0.0006607004324905574,0.005810406059026718,0.0212890412658453
1750784783.6420999,3.9268063119379804e-05,0.00447686854749918,0.018600139766931534
1750784783.6468892,-0.0014940855326130986,0.0024808046873658895,0.0169361662119627
1750784783.6518629,-0.003352190600708127,0.004483352415263653,0.018829049542546272
1750784783.6566367,-0.003229791298508644,0.005394885782152414,0.01943150721490383
1750784783.661426,-0.003178557613864541,0.004067053087055683,0.018217913806438446
1750784783.6663184,-0.003281868062913418,0.003116897540166974,0.01817687414586544
1750784783.6709645,-0.0025680686812847853,0.003586850594729185,0.01844072714447975
1750784783.6757772,-0.003050264436751604,0.004039134364575148,0.018148114904761314
1750784783.6806695,-0.0030823834240436554,0.0029982926789671183,0.01777443289756775
1750784783.685616,-0.0010219250107184052,0.0022106908727437258,0.01682712510228157
1750784783.6902933,-0.002216354478150606,0.002672009402886033,0.01870325766503811
1750784783.6951027,-0.0025947385001927614,0.003370868507772684,0.0199260376393795
1750784783.6998649,-0.0016368950018659234,0.002047732938081026,0.019502311944961548
1750784783.704709,-0.0016923252260312438,0.0029963674023747444,0.01887345500290394
1750784783.709548,-0.0002235586871393025,0.003047808539122343,0.01707294210791588
1750784783.7144086,-0.00041575991781428456,0.002578680869191885,0.018851496279239655
1750784783.7190588,-0.0008189765503630042,0.002195201814174652,0.019949212670326233
1750784783.7239416,0.0012440863065421581,0.0016324253519997,0.01699451170861721
1750784783.7287562,0.0004996381467208266,0.003060663118958473,0.017880389466881752
1750784783.7336943,-0.0019267738098278642,0.001325516845099628,0.021425455808639526
1750784783.7383041,-0.0014792041620239615,-0.00026017738855443895,0.019604133442044258
1750784783.7433386,-0.0015727491118013859,0.00023755057191010565,0.016905685886740685
1750784783.7479482,-0.0010495565365999937,0.0006406957982107997,0.018434491008520126
1750784783.7529051,0.000489309779368341,0.0002638031728565693,0.018395602703094482
1750784783.7577517,0.0020797348115593195,-0.00036458292743191123,0.018695440143346786
1750784783.762368,0.0016631756443530321,0.00023857230553403497,0.018964571878314018
1750784783.7671535,-4.339754377724603e-05,0.0007093442254699767,0.018218576908111572
1750784783.7719254,-0.0005830879090353847,-0.001302842516452074,0.019886398687958717
1750784783.7767818,-0.0001254076778423041,-0.0012445306638255715,0.02066386677324772
1750784783.7817428,0.00047521392116323113,0.0004631904303096235,0.01964341290295124
1750784783.7864954,0.002291243290528655,-0.0003532075206749141,0.01930142566561699
1750784783.7913864,0.00352209503762424,-0.00012133737618569285,0.019232360646128654
1750784783.7959905,0.0009916839189827442,0.0008627052884548903,0.018855243921279907
1750784783.800835,0.00010771199595183134,0.0017213559476658702,0.019025439396500587
1750784783.8055923,0.000711911590769887,0.0002909385657403618,0.018079983070492744
1750784783.810516,0.0006815021042712033,9.540653991280124e-05,0.01851324364542961
1750784783.8152559,0.0010641469852998853,0.0009391810745000839,0.019616801291704178
1750784783.8200378,-0.0008826838457025588,3.539137833286077e-05,0.018438054248690605
1750784783.8250735,3.1459461752092466e-05,0.0013424219796434045,0.018142420798540115
1750784783.8296144,0.0016019538743421435,0.002303763758391142,0.01838850975036621
1750784783.8345249,-0.0012364122085273266,0.0015148220118135214,0.017923524603247643
1750784783.8394775,-0.00038616874371655285,0.0002123563754139468,0.01866661012172699
1750784783.844087,-0.0010779720032587647,0.001470773946493864,0.020107725635170937
1750784783.848923,-0.002137906150892377,0.002356904558837414,0.01840035431087017
1750784783.8538387,0.0003077186120208353,0.012549410574138165,0.016465872526168823
1750784783.8587298,-0.0012069313088431954,0.04821396619081497,0.01855924353003502
1750784783.863272,0.0007351265521720052,0.08779837936162949,0.019646523520350456
1750784783.8681958,0.008466140367090702,0.12235035002231598,0.021708935499191284
1750784783.8729331,0.01487960945814848,0.15090805292129517,0.028197050094604492
1750784783.8778262,0.0049955896101891994,0.1632004976272583,0.02394060231745243
1750784783.882709,0.002475772285833955,0.15159769356250763,0.021656490862369537
1750784783.8875763,0.005553712137043476,0.1297859102487564,0.021955465897917747
1750784783.8921182,-0.02339891716837883,0.07550892233848572,0.01385781355202198
1750784783.8969133,-0.05906499922275543,-0.011272509582340717,0.01271031703799963
1750784783.9019392,-0.06891878694295883,-0.03057502768933773,0.005467544309794903
1750784783.9067066,-0.039803411811590195,0.008873253129422665,0.0017919285455718637
1750784783.9114375,-0.004742572084069252,0.034122854471206665,0.015244635753333569
1750784783.9163296,0.014746183529496193,0.019337711855769157,0.01974133960902691
1750784783.9209282,0.018194986507296562,-0.008033613674342632,0.01142251305282116
1750784783.9257812,0.01688121259212494,-0.03653080016374588,0.011091727763414383
1750784783.9306545,0.04186133295297623,-0.03955565765500069,0.015909431502223015
1750784783.9355896,0.06451307982206345,-0.037309594452381134,0.015193508006632328
1750784783.9401805,0.07466448098421097,-0.0338943786919117,0.02119302749633789
1750784783.944976,0.05906335636973381,0.021703030914068222,0.03587452322244644
1750784783.9500496,-0.06856562197208405,-0.39635276794433594,0.03720580041408539
1750784783.954707,-0.10961805284023285,-0.8811745643615723,0.01336065772920847
1750784783.9596808,-0.022286241874098778,-0.4843217432498932,0.005442590918391943
1750784783.9644384,-0.01525910198688507,-0.022694796323776245,0.021277928724884987
1750784783.9690793,0.023242948576807976,0.13228414952754974,0.028997577726840973
1750784783.9739425,0.037848323583602905,0.3005926012992859,0.0258340984582901
1750784783.978636,0.00792624056339264,0.27496737241744995,0.016259049996733665
1750784783.9834464,0.015214034356176853,0.15921978652477264,0.017961625009775162
1750784783.9882228,0.003929327242076397,0.04473625868558884,0.017627008259296417
1750784783.99305,0.0010315109975636005,-0.03500326722860336,0.01910548098385334
1750784783.997913,0.0007629173924215138,-0.043725717812776566,0.023253582417964935
1750784784.0026274,-0.0010356685379520059,-0.025988198816776276,0.019563650712370872
1750784784.0075486,0.0005542883882299066,-0.00760487699881196,0.018498077988624573
1750784784.0123367,0.0012280137743800879,-0.02650042064487934,0.019207004457712173
1750784784.0172791,0.001825581188313663,-0.0467149019241333,0.020640317350625992
1750784784.0219371,-0.0013322337763383985,-0.04388780891895294,0.018651988357305527
1750784784.0268526,-0.000357869517756626,-0.020666204392910004,0.01946522668004036
1750784784.0314844,0.001887683873064816,0.01413644291460514,0.02086658589541912
1750784784.036471,0.004189683590084314,0.035831913352012634,0.019777603447437286
1750784784.0412695,0.007391521241515875,0.052534427493810654,0.01834101602435112
1750784784.045938,0.007108510471880436,0.06869298964738846,0.017167776823043823
1750784784.0508301,0.004510519094765186,0.07872246950864792,0.01613638550043106
1750784784.0557353,0.0034132027067244053,0.0834222286939621,0.015732837840914726
1750784784.06045,0.0036665736697614193,0.07401946932077408,0.016042737290263176
1750784784.06526,0.004119396209716797,0.0707537829875946,0.01615370810031891
1750784784.069956,0.003770055714994669,0.07473017275333405,0.015891481190919876
1750784784.0749984,0.0003614660818129778,0.03945917263627052,0.015849899500608444
1750784784.0795527,0.0002919144171755761,0.004219113849103451,0.019938921555876732
1750784784.084457,0.0033460347913205624,-0.007244981359690428,0.021803054958581924
1750784784.0892336,0.0007001509657129645,-0.028223328292369843,0.02058831974864006
1750784784.0939732,-0.0014183969469740987,-0.03981480002403259,0.02091682329773903
1750784784.0989115,0.0003879962023347616,-0.03982043266296387,0.02014303021132946
1750784784.1037407,-0.0023434332106262445,-0.054657526314258575,0.021818000823259354
1750784784.108615,-0.004444947931915522,-0.08236876130104065,0.023203132674098015
1750784784.113322,-0.002938510850071907,-0.07297211140394211,0.020861664786934853
1750784784.1180673,-0.0020214561372995377,-0.01539751049131155,0.017883725464344025
1750784784.1229746,0.001662694034166634,0.041865669190883636,0.017849624156951904
1750784784.1277843,0.004759094212204218,0.10017155855894089,0.016746986657381058
1750784784.1325605,0.0037386463955044746,0.1459551900625229,0.0120173878967762
1750784784.137494,0.0017702055629342794,0.14528430998325348,0.010492227971553802
1750784784.1420894,0.005102544091641903,0.14910227060317993,0.012190544046461582
1750784784.146888,0.012892409227788448,0.1713232845067978,0.012662407010793686
1750784784.15184,0.01952243410050869,0.2007381021976471,0.00745544396340847
1750784784.156644,0.05335914343595505,0.2783154845237732,0.0055124410428106785
1750784784.161429,0.056868694722652435,0.22828716039657593,0.012134653516113758
1750784784.1662488,-0.010503929108381271,0.11390505731105804,0.01606817916035652
1750784784.1709335,-0.024538962170481682,0.03933204337954521,0.015873942524194717
1750784784.1759408,-0.014093794859945774,-0.08205344527959824,0.023486660793423653
1750784784.1807816,-0.01009362656623125,-0.00662974314764142,0.025507329031825066
1750784784.1855078,0.005555438809096813,0.012715228833258152,0.016561035066843033
1750784784.1903615,-0.006642407272011042,-0.09181439876556396,0.021371090784668922
1750784784.194953,-0.005318604875355959,-0.08763200789690018,0.025891289114952087
1750784784.199733,-0.009795866906642914,-0.12725313007831573,0.017628749832510948
1750784784.2045863,-0.011708242818713188,-0.11390247941017151,0.019061706960201263
1750784784.2096004,-0.004785729572176933,-0.09167297929525375,0.02453816868364811
1750784784.2143512,-0.0066123418509960175,-0.08668900281190872,0.019918935373425484
1750784784.2190838,-0.0034417861606925726,-0.029787179082632065,0.019384728744626045
1750784784.2239296,-0.001803322695195675,-0.007048757281154394,0.021686602383852005
1750784784.228836,9.651001892052591e-05,0.00024797540390864015,0.01830974780023098
1750784784.23356,0.0008288963581435382,0.025969987735152245,0.017066316679120064
1750784784.2385254,0.0022177689243108034,0.07015705108642578,0.01936759427189827
1750784784.2432182,0.005456370301544666,0.09275038540363312,0.02052500657737255
1750784784.2479832,0.009278996847569942,0.08958509564399719,0.022421590983867645
1750784784.2527833,0.006215363275259733,0.10148688405752182,0.0221282709389925
1750784784.2577784,0.0037760171107947826,0.10348688066005707,0.019863992929458618
1750784784.2623584,0.0050862254574894905,0.08033153414726257,0.02145892009139061
1750784784.2672312,0.00023943770793266594,0.057871658354997635,0.0220902431756258
1750784784.2719443,-0.0034888016525655985,0.031838979572057724,0.019796321168541908
1750784784.2768593,-0.0013581262901425362,0.0015607066452503204,0.01773115061223507
1750784784.281686,-0.003869724692776799,-0.03981580212712288,0.016352612525224686
1750784784.2864275,-0.007069973740726709,-0.08288530260324478,0.012868933379650116
1750784784.2914112,-0.005380985327064991,-0.08943488448858261,0.011266141198575497
1750784784.2960036,-0.005531349219381809,-0.08675958961248398,0.01439737994223833
1750784784.300964,-0.004417917691171169,-0.0899956077337265,0.014186660759150982
1750784784.3056054,-0.0022084093652665615,-0.09268136322498322,0.01466752216219902
1750784784.3104491,-0.003054139669984579,-0.10318981856107712,0.015154147520661354
1750784784.3151777,-0.003219586331397295,-0.100874163210392,0.014124366454780102
1750784784.319987,-0.0007867002277635038,-0.03696201369166374,0.017282159999012947
1750784784.3248622,0.0004033469595015049,0.005014131311327219,0.018882444128394127
1750784784.3296819,-0.002595702186226845,-0.021320659667253494,0.015083545818924904
1750784784.334476,-0.00468067592009902,-0.04414820671081543,0.01406120229512453
1750784784.3392131,-0.002129110973328352,-0.04286355897784233,0.02024238184094429
1750784784.344046,-0.0017929337918758392,-0.011074039153754711,0.021007465198636055
1750784784.3489945,-0.002649514703080058,-0.013085880316793919,0.0202211681753397
1750784784.3537614,-0.0035724227782338858,-0.03433874621987343,0.02054760418832302
1750784784.3584282,-0.00480744568631053,-0.05147753655910492,0.01871989108622074
1750784784.3632374,-0.004133893642574549,-0.06557755917310715,0.01803961582481861
1750784784.3681636,-0.006779451388865709,-0.0712241381406784,0.016323812305927277
1750784784.3729975,-0.003938247915357351,-0.09642305225133896,0.015329482033848763
1750784784.377818,0.0008096590172499418,-0.0919324979186058,0.014527813531458378
1750784784.3824966,-0.007484160829335451,-0.06712134927511215,0.014089532196521759
1750784784.3872364,-0.007317574694752693,-0.1035667285323143,0.015552116557955742
1750784784.392012,-0.0021636493038386106,-0.16065675020217896,0.014319327659904957
1750784784.3969266,-0.009210125543177128,-0.16740642488002777,0.010896951891481876
1750784784.401905,-0.00920687522739172,-0.15068763494491577,0.013596983626484871
1750784784.4065974,-0.009570695459842682,-0.09696202725172043,0.014556043781340122
1750784784.4112694,-0.005891227163374424,-0.0015530005330219865,0.016440629959106445
1750784784.4161165,0.0037399865686893463,0.07948373258113861,0.023412948474287987
1750784784.4208398,0.005241298582404852,0.1302938014268875,0.023112880066037178
1750784784.4257696,0.007105472031980753,0.17354263365268707,0.02435823157429695
1750784784.4307525,0.0053915902972221375,0.19418436288833618,0.027212470769882202
1750784784.435305,0.007759200409054756,0.1865047812461853,0.02753816917538643
1750784784.44014,0.006904918234795332,0.14772820472717285,0.02442685328423977
1750784784.444965,0.0005831525195389986,0.06814452260732651,0.02010711468756199
1750784784.4498384,0.001778824022039771,-0.01383549626916647,0.02262118086218834
1750784784.4548068,-0.0007882373756729066,-0.05972546339035034,0.02005600929260254
1750784784.459503,-0.0030428289901465178,-0.08279994875192642,0.015405530110001564
1750784784.4641604,-0.0031521718483418226,0.013028783723711967,0.017179569229483604
1750784784.46908,-0.006836278829723597,0.09093869477510452,0.014995126985013485
1750784784.4739113,0.0044999318197369576,-0.1970730721950531,0.012269928120076656
1750784784.478674,0.007534374948590994,-0.41649866104125977,0.011255222372710705
1750784784.483384,-0.00996716320514679,-0.3539678454399109,0.0075538321398198605
1750784784.4883225,-0.010079393163323402,-0.30660825967788696,0.012307044118642807
1750784784.4930649,-0.0037418724969029427,-0.14841125905513763,0.01701994054019451
1750784784.4979146,0.0017584403976798058,0.029627075418829918,0.016639143228530884
1750784784.5027604,0.006056737620383501,0.1095985621213913,0.019225237891077995
1750784784.507564,0.01029556430876255,0.18324612081050873,0.02262149192392826
1750784784.5123105,0.015429532155394554,0.2585897445678711,0.026835789903998375
1750784784.517211,0.01322590745985508,0.30072128772735596,0.027346039190888405
1750784784.5219796,0.01024211011826992,0.2526911497116089,0.025838226079940796
1750784784.5268252,0.004716934636235237,0.17196737229824066,0.025589043274521828
1750784784.531513,0.0019565229304134846,0.13307510316371918,0.026259206235408783
1750784784.5362892,-0.0014160112477838993,0.1237131655216217,0.025636078789830208
1750784784.5412018,-0.006130154710263014,0.0867663025856018,0.02434694766998291
1750784784.5458956,-0.020167535170912743,-0.06380966305732727,0.021998271346092224
1750784784.550868,-0.08940645307302475,-0.33629876375198364,0.001549428328871727
1750784784.55548,-0.08166731894016266,-0.33820414543151855,-0.008720706216990948
1750784784.5603094,-0.006731277331709862,-0.14685581624507904,0.010226274840533733
1750784784.5651417,-0.06936707347631454,-0.25238263607025146,0.005858376622200012
1750784784.5699224,-0.062032442539930344,-0.5132849216461182,-0.005987564567476511
1750784784.5747569,0.0184425488114357,-0.676926851272583,0.004221220966428518
1750784784.5796483,-0.1177789643406868,-0.47529205679893494,0.013779672794044018
1750784784.5843554,-0.3194267451763153,-0.17511315643787384,0.0962715744972229
1750784784.5891945,-0.4316408038139343,-0.13031688332557678,0.5899097323417664
1750784784.5939932,-0.3829376995563507,-0.09010336548089981,1.4578056335449219
1750784784.598976,-0.16640028357505798,-0.1490875482559204,2.105445384979248
1750784784.6037493,-0.011384150944650173,-0.4261445999145508,2.426523208618164
1750784784.6085253,0.0603007934987545,-0.7339764833450317,2.637312412261963
1750784784.6134312,0.13179972767829895,-0.9188520312309265,2.85585880279541
1750784784.6180775,0.21973057091236115,-0.9506120085716248,3.084514856338501
1750784784.6229742,-0.23723600804805756,-0.5411037802696228,1.4887793064117432
1750784784.6277742,0.11039149016141891,-0.9097453951835632,3.1287319660186768
1750784784.6325467,1.3780293464660645,-1.1483949422836304,5.772176742553711
1750784784.6371806,0.7038787007331848,-0.5005119442939758,3.2347874641418457
1750784784.6420686,0.04907134920358658,-0.5248081088066101,3.238029956817627
1750784784.646967,0.6118394732475281,0.12549850344657898,3.7763209342956543
1750784784.65175,0.5508477091789246,0.4625084102153778,3.0070719718933105
1750784784.656547,0.48455485701560974,0.32509297132492065,3.187899589538574
1750784784.6613264,0.6055349707603455,0.6166500449180603,2.8168935775756836
1750784784.6661155,0.6130594611167908,0.72850102186203,2.6774606704711914
1750784784.670938,0.5780119299888611,1.060092568397522,2.324592113494873
1750784784.6757975,0.5473425388336182,1.245980978012085,2.0782320499420166
1750784784.6806872,0.528643786907196,1.2885175943374634,1.8874274492263794
1750784784.6855063,0.4875401258468628,1.3178009986877441,1.6304264068603516
1750784784.6903992,0.46121659874916077,1.398889183998108,1.3571244478225708
1750784784.694962,0.40486305952072144,1.5286527872085571,1.0349184274673462
1750784784.6997032,0.372099369764328,1.5655395984649658,0.7327756285667419
1750784784.704646,0.3331250846385956,1.532615065574646,0.47458621859550476
1750784784.709475,0.321384459733963,1.3076051473617554,0.3427637815475464
1750784784.714329,0.35881903767585754,1.0911850929260254,0.14571671187877655
1750784784.7190583,0.352907657623291,1.1587498188018799,-0.2141208052635193
1750784784.7239919,0.3006940186023712,1.1569769382476807,-0.5004879236221313
1750784784.728589,0.2770177125930786,1.018883228302002,-0.6348886489868164
1750784784.7334814,0.3294135630130768,0.9958570599555969,-0.7057867050170898
1750784784.7383716,0.3718149662017822,0.9868016839027405,-0.754607081413269
1750784784.742967,0.38753995299339294,0.9248547554016113,-0.8566026091575623
1750784784.7477813,0.4390208125114441,0.7973086833953857,-1.146566390991211
1750784784.752736,0.4657135605812073,0.6851772665977478,-1.6160367727279663
1750784784.7576187,0.4440588057041168,0.5895830988883972,-2.091459035873413
1750784784.762366,0.4018336236476898,0.4164995849132538,-2.4603111743927
1750784784.7669997,0.3352959454059601,0.25058817863464355,-2.689265251159668
1750784784.7719738,0.29029732942581177,0.1280205100774765,-2.773099899291992
1750784784.7767963,0.2538554072380066,0.07873900979757309,-2.7400624752044678
1750784784.7816222,0.2130662202835083,0.07085902988910675,-2.6017796993255615
1750784784.7864046,0.18507997691631317,0.006791719235479832,-2.4288527965545654
1750784784.791076,0.15548217296600342,-0.07216033339500427,-2.299529552459717
1750784784.7959523,0.14137698709964752,-0.10701514035463333,-2.16727614402771
1750784784.8007486,0.13302725553512573,-0.12192610651254654,-2.0034444332122803
1750784784.805609,0.13461333513259888,-0.13700787723064423,-1.8167990446090698
1750784784.8104384,0.12799537181854248,-0.12962643802165985,-1.6095672845840454
1750784784.815236,0.1212894469499588,-0.07397349178791046,-1.4040906429290771
1750784784.8199968,0.1793329417705536,-0.057145148515701294,-1.2281594276428223
1750784784.8246217,0.2348639965057373,-0.2219509333372116,-1.1685928106307983
1750784784.829673,0.25976744294166565,-0.5139604806900024,-1.3007540702819824
1750784784.8344674,0.28309500217437744,-0.7837085723876953,-1.61043119430542
1750784784.8391762,0.260130912065506,-0.9436265826225281,-2.066333770751953
1750784784.8439665,0.19966696202754974,-1.0200921297073364,-2.6104965209960938
1750784784.8488414,0.15328165888786316,-1.1061607599258423,-3.1696910858154297
1750784784.853544,0.09198866784572601,-1.143759846687317,-3.6406993865966797
1750784784.858633,0.02755974978208542,-1.036499261856079,-3.848970413208008
1750784784.86318,-0.023796172812581062,-0.8379585146903992,-3.7766122817993164
1750784784.8679926,-0.09953866899013519,-0.6090850830078125,-3.5422770977020264
1750784784.8728747,-0.15762555599212646,-0.30193623900413513,-3.251382827758789
1750784784.8777094,-0.20877626538276672,0.07439284026622772,-3.0041370391845703
1750784784.8825366,-0.26056578755378723,0.4113493263721466,-2.7841415405273438
1750784784.8872857,-0.26293274760246277,0.728877067565918,-2.5761160850524902
1750784784.892235,-0.264569491147995,0.9935291409492493,-2.3951709270477295
1750784784.8969514,-0.2558302581310272,1.1462572813034058,-2.135341167449951
1750784784.9018166,-0.2144138365983963,1.166995644569397,-1.8467062711715698
1750784784.9065475,-0.17342665791511536,1.0180970430374146,-1.6317529678344727
1750784784.9112725,-0.0907076746225357,0.8182687163352966,-1.401910662651062
1750784784.9160953,-0.022341594099998474,0.5307204127311707,-1.2031430006027222
1750784784.9208472,0.02859831415116787,0.21582062542438507,-1.0122100114822388
1750784784.9256191,0.07732947170734406,-0.07276493310928345,-0.8574253916740417
1750784784.9305785,0.1065635234117508,-0.36773282289505005,-0.8104752898216248
1750784784.9353395,0.14010535180568695,-0.47408464550971985,-0.7295100688934326
1750784784.94038,0.14264202117919922,-0.4653756320476532,-0.6160278916358948
1750784784.9449053,0.1629517823457718,-0.4497849941253662,-0.47219088673591614
1750784784.9497235,0.1805739402770996,-0.34056881070137024,-0.22557733952999115
1750784784.9547544,0.1661384254693985,-0.17945286631584167,0.08135770261287689
1750784784.959252,0.1781197190284729,-0.06430388987064362,0.3248448669910431
1750784784.964228,0.18747541308403015,-0.0065472801215946674,0.5050662755966187
1750784784.9688773,0.17501893639564514,0.021261854097247124,0.6122898459434509
1750784784.973678,0.15598131716251373,0.04129331558942795,0.6064158082008362
1750784784.9786298,0.13010011613368988,0.061659764498472214,0.5455886125564575
1750784784.9834213,0.11492506414651871,0.08266837149858475,0.46325069665908813
1750784784.9881494,0.09334507584571838,0.09018230438232422,0.3950628638267517
1750784784.992999,0.07439451664686203,0.07753481715917587,0.3580549359321594
1750784784.9977076,0.07182348519563675,0.06535475701093674,0.3460673689842224
1750784785.0025225,0.04473669454455376,0.009321543388068676,0.3379499912261963
1750784785.007293,-0.0003385371819604188,-0.036195721477270126,0.2862551212310791
1750784785.0123863,-0.04095121845602989,0.027344606816768646,0.19047686457633972
1750784785.0169735,-0.08588024973869324,0.08914140611886978,0.12134590744972229
1750784785.021835,-0.13316866755485535,0.10308181494474411,0.12295373529195786
1750784785.026583,-0.1571451872587204,0.13529400527477264,0.19551575183868408
1750784785.0315456,-0.16862843930721283,0.16535548865795135,0.30572637915611267
1750784785.0362914,-0.17299319803714752,0.1675562560558319,0.4013155996799469
1750784785.0410497,-0.15997321903705597,0.15748943388462067,0.4599464237689972
1750784785.045873,-0.14544019103050232,0.1459173560142517,0.48299798369407654
1750784785.0507689,-0.1364167481660843,0.13993912935256958,0.4829082190990448
1750784785.0554798,-0.1422562450170517,0.13746127486228943,0.46110519766807556
1750784785.0602837,-0.14414089918136597,0.11108711361885071,0.41997960209846497
1750784785.0651128,-0.13305385410785675,0.08311811089515686,0.3712339401245117
1750784785.0699213,-0.12799504399299622,0.08236514031887054,0.3146183490753174
1750784785.0748043,-0.11841856688261032,0.0978691503405571,0.25661665201187134
1750784785.0796363,-0.1053406223654747,0.1290646344423294,0.21057769656181335
1750784785.0843928,-0.09034870564937592,0.1702827662229538,0.1798240691423416
1750784785.0892015,-0.07155045121908188,0.2223428636789322,0.1574869453907013
1750784785.0938568,-0.05843064561486244,0.27488237619400024,0.1293720006942749
1750784785.0989392,-0.05824586749076843,0.30455103516578674,0.09997200220823288
1750784785.103734,-0.06423906236886978,0.29851222038269043,0.07217928022146225
1750784785.108281,-0.07321345061063766,0.2692835330963135,0.01437579095363617
1750784785.1132565,-0.09048021584749222,0.2669449746608734,-0.049951549619436264
1750784785.118013,-0.10409198701381683,0.2879469394683838,-0.06720801442861557
1750784785.1229923,-0.1252560168504715,0.29244735836982727,-0.03782987967133522
1750784785.1277082,-0.1443093866109848,0.27835848927497864,0.020657500252127647
1750784785.1324658,-0.14258994162082672,0.26086220145225525,0.08611123263835907
1750784785.137534,-0.1381070911884308,0.23006604611873627,0.15574860572814941
1750784785.1419845,-0.1268426775932312,0.1609506458044052,0.2205285280942917
1750784785.146897,-0.0968591719865799,0.07093168795108795,0.25992056727409363
1750784785.151759,-0.06461399793624878,-0.015707194805145264,0.2656305134296417
1750784785.1565084,-0.03932603821158409,-0.093850277364254,0.25132766366004944
1750784785.1611593,-0.021859241649508476,-0.15721437335014343,0.24982942640781403
1750784785.1659842,-0.013976405374705791,-0.20383220911026,0.26843926310539246
1750784785.1709096,0.004213182721287012,-0.23827610909938812,0.29726743698120117
1750784785.1757097,0.011006800457835197,-0.2271641045808792,0.3275876045227051
1750784785.1805844,-0.0019393573747947812,-0.16764843463897705,0.35090482234954834
1750784785.185383,0.008328715339303017,-0.12055497616529465,0.3513072729110718
1750784785.1901574,0.02030409500002861,-0.10010413080453873,0.3314627707004547
1750784785.1949475,0.007323990575969219,-0.07183036208152771,0.3001636862754822
1750784785.199795,0.011882967315614223,-0.004385942127555609,0.24412934482097626
1750784785.2048004,0.0010751236695796251,0.08628106117248535,0.1785232424736023
1750784785.209321,-0.052135780453681946,0.15473029017448425,0.1416717916727066
1750784785.214025,-0.07401528209447861,0.1876576542854309,0.1268186867237091
1750784785.2189112,-0.07726005464792252,0.21321049332618713,0.1421576291322708
1750784785.2236114,-0.08576346188783646,0.24897809326648712,0.2135876715183258
1750784785.228709,-0.08557923883199692,0.27443352341651917,0.29843735694885254
1750784785.233379,-0.08114997297525406,0.2756509780883789,0.3574962913990021
1750784785.2380831,-0.07118616998195648,0.24556864798069,0.38008275628089905
1750784785.242887,-0.052463702857494354,0.16324561834335327,0.37915974855422974
1750784785.247848,-0.025340724736452103,0.06725474447011948,0.39150717854499817
1750784785.252578,-0.017015861347317696,0.02581315115094185,0.4119161367416382
1750784785.257364,-0.020425906404852867,0.022846775129437447,0.4162966012954712
1750784785.2622786,-0.008991217240691185,0.019067492336034775,0.40614646673202515
1750784785.2669017,-0.0012912473175674677,0.01181502640247345,0.39421477913856506
1750784785.2719464,-0.0011274056741967797,0.0023442055098712444,0.39208391308784485
1750784785.2766693,0.005352489650249481,-0.006088722497224808,0.39551666378974915
1750784785.2815485,0.010120414197444916,-0.002513091778382659,0.3909459114074707
1750784785.2862442,0.009727897122502327,0.014462052844464779,0.3713321387767792
1750784785.2910118,0.006194635294377804,0.03308781981468201,0.36009982228279114
1750784785.2959423,-0.008951286785304546,0.05327153578400612,0.37626099586486816
1750784785.3006623,-0.023301774635910988,0.0843019187450409,0.4053206443786621
1750784785.3057282,-0.031471479684114456,0.10553678125143051,0.4465166926383972
1750784785.3103838,-0.031375616788864136,0.10901929438114166,0.48970749974250793
1750784785.3150558,-0.07046714425086975,0.1640687882900238,0.4673522114753723
1750784785.3199115,-0.10357827693223953,0.18467050790786743,0.40054264664649963
1750784785.3246002,-0.06859567761421204,0.07914188504219055,0.34713271260261536
1750784785.3294752,-0.0627758577466011,-0.014975761994719505,0.29545488953590393
1750784785.334356,-0.06463347375392914,-0.040338121354579926,0.27531230449676514
1750784785.339108,-0.05605161935091019,-0.021199708804488182,0.257293164730072
1750784785.3439834,-0.047485947608947754,-0.010111416690051556,0.22210970520973206
1750784785.348697,-0.036498911678791046,-0.02895796112716198,0.20677043497562408
1750784785.3537278,-0.03604123368859291,-0.038294702768325806,0.21835485100746155
1750784785.358476,-0.022918054834008217,-0.04986085742712021,0.24665726721286774
1750784785.3630836,-0.013063767924904823,-0.06113424152135849,0.25984880328178406
1750784785.3680081,-0.0096733458340168,-0.06385161727666855,0.2401334047317505
1750784785.3729925,-0.00818977877497673,-0.06472259759902954,0.1969166249036789
1750784785.3776248,-0.005676813889294863,-0.05628074333071709,0.1593913733959198
1750784785.3824441,-0.0018244079547002912,-0.03583461046218872,0.14094068109989166
1750784785.3873065,-0.004271740559488535,0.00020259965094737709,0.1348436176776886
1750784785.391878,-0.006844582501798868,0.03660334646701813,0.13693055510520935
1750784785.3967495,-0.008962728083133698,0.036389075219631195,0.14468809962272644
1750784785.4018009,-0.01604095846414566,0.012963169254362583,0.15317651629447937
1750784785.4065275,-0.018031088635325432,0.004963279236108065,0.15657956898212433
1750784785.4113076,-0.01746283285319805,0.011732187122106552,0.13815076649188995
1750784785.4159248,-0.02019517496228218,0.018902109935879707,0.0907229632139206
1750784785.4209108,-0.02044627256691456,0.041743434965610504,0.04073468595743179
1750784785.4255419,-0.02684464119374752,0.07383640855550766,0.005220134276896715
1750784785.4303086,-0.028219368308782578,0.07621356844902039,-0.007526284549385309
1750784785.4353375,-0.017777560278773308,0.0660073533654213,0.009357498958706856
1750784785.4402432,-0.014912452548742294,0.07351184636354446,0.03672093525528908
1750784785.4450462,-0.009944372810423374,0.08570516109466553,0.05665193870663643
1750784785.449784,-0.0076826708391308784,0.08860348910093307,0.07901798188686371
1750784785.454585,-0.008351166732609272,0.08353376388549805,0.11257138848304749
1750784785.4593313,0.003417499829083681,0.0837722197175026,0.13497014343738556
1750784785.4639628,0.011244190856814384,0.09500396996736526,0.13396704196929932
1750784785.4689221,0.016983244568109512,0.10713876783847809,0.12502138316631317
1750784785.4736168,0.0212567001581192,0.11045926064252853,0.12875045835971832
1750784785.4784715,0.02195751667022705,0.09132426977157593,0.14758507907390594
1750784785.4832637,0.03761954978108406,0.04601530730724335,0.15959544479846954
1750784785.4880772,0.04829881340265274,-0.001389040146023035,0.1589745432138443
1750784785.4929636,0.05561431124806404,-0.013189107179641724,0.1534397453069687
1750784785.497611,0.0631520077586174,0.0012718290090560913,0.13156770169734955
1750784785.502525,0.06266061216592789,-0.021051837131381035,0.0971231758594513
1750784785.5075078,0.07428455352783203,-0.07545741647481918,0.06808086484670639
1750784785.5120928,0.07622823119163513,-0.08898445963859558,0.04590174928307533
1750784785.5169141,0.06815186887979507,-0.05349493399262428,0.042355045676231384
1750784785.5217848,0.061530329287052155,-0.02270728349685669,0.061433978378772736
1750784785.526578,0.05424606800079346,0.0024375400971621275,0.09131406992673874
1750784785.5312653,0.053050119429826736,0.034844253212213516,0.1260489970445633
1750784785.5362773,0.0465223528444767,0.054902490228414536,0.15138186514377594
1750784785.540995,0.035956017673015594,0.0635123997926712,0.15788570046424866
1750784785.5459118,0.032052066177129745,0.07074924558401108,0.14337557554244995
1750784785.5504892,0.02839791215956211,0.08414145559072495,0.10144609957933426
1750784785.5554311,0.017102617770433426,0.0907895416021347,0.04054936766624451
1750784785.5602772,0.008607074618339539,0.07822905480861664,-0.009639773517847061
1750784785.564971,0.005377942696213722,0.053130440413951874,-0.03589930757880211
1750784785.5699232,0.002663934836164117,0.03152895346283913,-0.05100797861814499
1750784785.5747554,0.0022009466774761677,0.020544953644275665,-0.05920073390007019
1750784785.5795012,0.0033446054439991713,0.005337330512702465,-0.06697187572717667
1750784785.5843234,0.011544818058609962,-0.012364638969302177,-0.08362317085266113
1750784785.5893435,0.01766449585556984,-0.02730436623096466,-0.10361965745687485
1750784785.5940158,0.02013782039284706,-0.04262685403227806,-0.11166360229253769
1750784785.6265016,0.017428839579224586,-0.04421822354197502,-0.11297564208507538
1750784785.626546,0.024627720937132835,-0.04270940274000168,-0.12034758925437927
1750784785.626567,0.03816645219922066,-0.034081701189279556,-0.12317755073308945
1750784785.6265864,0.029769275337457657,-0.0127351563423872,-0.10639282315969467
1750784785.6266055,0.030856069177389145,0.00018785680003929883,-0.06290245801210403
1750784785.6266315,0.7571862936019897,0.26954185962677,0.9123956561088562
1750784785.627566,-0.06642800569534302,-0.03922146186232567,0.6997874975204468
1750784785.6324058,-0.8177153468132019,-0.28412339091300964,-0.3202137053012848
1750784785.6372657,0.5223497152328491,0.16076475381851196,0.262966126203537
1750784785.6420972,0.0748152956366539,-0.09716720134019852,0.03384048864245415
1750784785.646973,-0.08502018451690674,-0.16459086537361145,-0.0486719012260437
1750784785.651822,0.08988405764102936,-0.029032625257968903,0.3214265704154968
1750784785.6564713,-0.23728059232234955,-0.11570774763822556,0.05578991770744324
1750784785.661328,0.2216312438249588,0.0009530856623314321,-0.007583256810903549
1750784785.6659725,0.005311541259288788,-0.03260873258113861,0.03485890477895737
1750784785.6709542,-0.09825354814529419,-0.14493615925312042,0.02021160162985325
1750784785.675539,0.14069825410842896,-0.10495331138372421,0.025023171678185463
1750784785.6805656,0.11815150827169418,-0.07006726413965225,0.04799063876271248
1750784785.6851292,0.04795286804437637,-0.08911150693893433,0.05010043829679489
1750784785.690007,0.05905360355973244,-0.06183001026511192,0.022414883598685265
1750784785.6949534,0.046986304223537445,-0.036372046917676926,-0.27625271677970886
1750784785.6997867,-0.16908451914787292,0.07428517192602158,0.0648462176322937
1750784785.7045422,-0.02961217425763607,0.17544019222259521,0.2985677421092987
1750784785.7092917,0.06842128932476044,0.21984849870204926,-0.11453399807214737
1750784785.714054,-0.08828486502170563,0.2691798508167267,-0.07218936830759048
1750784785.7189674,-0.14390020072460175,0.329916775226593,-0.0002862994442693889
1750784785.723979,-0.07533752918243408,0.2761598527431488,0.09965097904205322
1750784785.7285755,0.08975250273942947,0.17188601195812225,0.03196382522583008
1750784785.7332942,-0.01573907397687435,0.15225668251514435,-0.023404762148857117
1750784785.7383575,-0.009020697325468063,0.04299205169081688,0.04751097410917282
1750784785.7429109,0.024962518364191055,-0.023132359609007835,0.000537348329089582
1750784785.747631,-0.01007152907550335,-0.04131650924682617,0.03870593383908272
1750784785.75259,0.007715526036918163,-0.1563182920217514,0.01694994792342186
1750784785.7574747,-0.012782222591340542,-0.169051393866539,0.02650691382586956
1750784785.7621634,-0.006034439895302057,-0.11191540211439133,0.019137080758810043
1750784785.7669141,-0.011334341019392014,-0.09413988143205643,0.014050498604774475
1750784785.7716932,-0.00962067861109972,-0.14116790890693665,0.013208086602389812
1750784785.776466,0.004659065045416355,-0.2580952048301697,0.0006665348773822188
1750784785.7813916,-0.0055123730562627316,-0.11034833639860153,0.017573505640029907
1750784785.7861683,-0.021662600338459015,0.10225921869277954,0.028154097497463226
1750784785.7910118,-0.008267171680927277,0.02753828465938568,0.01576218381524086
1750784785.795918,-0.016132310032844543,-0.03602554276585579,0.014918060973286629
1750784785.8007486,-0.01738538220524788,-0.03851521387696266,0.020293183624744415
1750784785.8055835,-0.013108569197356701,0.009071772918105125,0.019479550421237946
1750784785.8102882,-0.017248086631298065,-0.015834663063287735,0.018141645938158035
1750784785.814944,-0.009941856376826763,-0.03890400007367134,0.01855057291686535
1750784785.8199396,-0.010976863093674183,0.008746291510760784,0.020757751539349556
1750784785.8247564,-0.014353014528751373,-0.04344847425818443,0.018294431269168854
1750784785.829439,-0.012629927136003971,-0.07229793816804886,0.01631796546280384
1750784785.834237,-0.013185440562665462,-0.08119946718215942,0.01697200909256935
1750784785.838925,-0.012651685625314713,-0.07750233262777328,0.018860099837183952
1750784785.8438754,-0.009419347159564495,-0.05964762717485428,0.019382484257221222
1750784785.8488033,-0.009537195786833763,-0.057428453117609024,0.01765628345310688
1750784785.8535345,-0.008100492879748344,-0.05642635002732277,0.01703711785376072
1750784785.8583,-0.00526224123314023,-0.05237903445959091,0.01728537678718567
1750784785.863066,-0.0023327327799052,-0.03710838779807091,0.01966797560453415
1750784785.8679109,-0.0007262121653184295,-0.009329810738563538,0.02219540998339653
1750784785.8726919,-0.0009288765140809119,0.029649049043655396,0.020619815215468407
1750784785.8776348,0.0009599140612408519,0.04800945147871971,0.018966523930430412
1750784785.882416,0.003585314843803644,0.047251056879758835,0.018855392932891846
1750784785.887112,0.0035500985104590654,0.04984232038259506,0.01757248491048813
1750784785.8919291,0.0036143423058092594,0.06834730505943298,0.01821722276508808
1750784785.896884,0.006521141622215509,0.08902110159397125,0.019214827567338943
1750784785.9016402,0.006060941610485315,0.08615794777870178,0.017465271055698395
1750784785.9064667,0.0023180493153631687,0.06747668236494064,0.017582913860678673
1750784785.9111426,0.0017731011612340808,0.04093358293175697,0.019702892750501633
1750784785.9159915,0.0013061288045719266,0.015582788735628128,0.020488398149609566
1750784785.9209135,0.0009020149009302258,-0.0006533167324960232,0.01926729641854763
1750784785.9255247,0.0010015806183218956,-0.014104852452874184,0.018554940819740295
1750784785.9305272,0.0004877974570263177,-0.02201789990067482,0.018706047907471657
1750784785.9351685,-0.00042437895899638534,-0.02528851479291916,0.019136866554617882
1750784785.940004,-0.0018160283798351884,-0.028612831607460976,0.019172556698322296
1750784785.944837,-0.0033866141457110643,-0.037897467613220215,0.018343789502978325
1750784785.9497483,-0.007264929357916117,-0.05811037868261337,0.019302967935800552
1750784785.9546795,-0.007149240933358669,-0.07278279215097427,0.018832994624972343
1750784785.9592347,-0.008630810305476189,-0.06779125332832336,0.0171615369617939
1750784785.9639082,-0.011466018855571747,-0.0513918474316597,0.017207786440849304
1750784785.9689782,-0.008722362108528614,-0.03018561191856861,0.01967727765440941
1750784785.9737506,-0.009244075044989586,-0.006447247229516506,0.01947365142405033
1750784785.9785573,-0.008922374807298183,0.007875258103013039,0.017446044832468033
1750784785.983203,-0.0069920094683766365,0.01730513386428356,0.018399519845843315
1750784785.987937,-0.006707396358251572,0.03408350795507431,0.019351119175553322
1750784785.9928718,-0.0057772984728217125,0.051628708839416504,0.019033057615160942
1750784785.9976935,-0.005499687511473894,0.06798257678747177,0.016278840601444244
1750784786.002512,-0.004118840675801039,0.07624466717243195,0.015114681795239449
1750784786.0073037,-0.0019323356682434678,0.06669701635837555,0.01705213077366352
1750784786.0121026,-0.0041736215353012085,0.045582596212625504,0.018295280635356903
1750784786.0168335,-0.0051740319468081,0.02328645810484886,0.018425706773996353
1750784786.0217092,-0.0030130089726299047,0.014773590490221977,0.01895071379840374
1750784786.0264096,-0.0038791100960224867,0.00973535142838955,0.019487440586090088
1750784786.031234,-0.004348129965364933,-0.014254271052777767,0.019237622618675232
1750784786.0360792,-0.005500235129147768,-0.04100635647773743,0.019302282482385635
1750784786.040967,-0.006022193003445864,-0.05436784401535988,0.018124720081686974
1750784786.0458345,-0.0036786177661269903,-0.054951515048742294,0.017364947125315666
1750784786.0506022,-0.0028687056619673967,-0.04326580837368965,0.01815546303987503
1750784786.05542,-0.005419181659817696,-0.040203966200351715,0.01815539039671421
1750784786.060156,-0.004886718466877937,-0.046063315123319626,0.018119284883141518
1750784786.0650547,-0.005038892850279808,-0.05791480839252472,0.01876482553780079
1750784786.069726,-0.006319527514278889,-0.060057613998651505,0.01983385719358921
1750784786.0746703,-0.001164518529549241,-0.02962827868759632,0.019510319456458092
1750784786.079455,0.000824316346552223,0.00797167420387268,0.018224269151687622
1750784786.0841649,0.001354283420369029,0.05297026038169861,0.018663719296455383
1750784786.0889437,0.004645179957151413,0.0801747739315033,0.020510563626885414
1750784786.0938385,0.006833523977547884,0.0833078995347023,0.019364552572369576
1750784786.0987082,0.004921600688248873,0.09420527517795563,0.015390840359032154
1750784786.1034,0.0031785250175744295,0.1035899743437767,0.016014723107218742
1750784786.1084418,0.004215694032609463,0.10427947342395782,0.018791966140270233
1750784786.1130555,0.002238962333649397,0.0914975106716156,0.018890244886279106
1750784786.1180053,0.0014291406841948628,0.07392803579568863,0.017890295013785362
1750784786.1227963,0.001161064370535314,0.060889486223459244,0.018416495993733406
1750784786.1275606,-0.0014320138143375516,0.04220142960548401,0.021548056975007057
1750784786.132292,-0.004229643847793341,0.004330196417868137,0.02096935547888279
1750784786.1371515,-0.0075929793529212475,-0.04405531659722328,0.019103623926639557
1750784786.1418786,-0.010195883922278881,-0.06914400309324265,0.019427720457315445
1750784786.1467357,-0.011032110080122948,-0.06527961790561676,0.020752325654029846
1750784786.1515412,-0.010043143294751644,-0.050026945769786835,0.022989463061094284
1750784786.1562486,-0.007731310557574034,-0.03841199725866318,0.019799672067165375
1750784786.161031,-0.008665214292705059,-0.04239485412836075,0.015642620623111725
1750784786.1659555,-0.011492752470076084,-0.055669933557510376,0.017052870243787766
1750784786.1709533,-0.012229753658175468,-0.08959969878196716,0.013849090784788132
1750784786.1755247,-0.015535643324255943,-0.13299356400966644,0.011873346753418446
1750784786.1803043,-0.014933370985090733,-0.1374971717596054,0.01918710581958294
1750784786.1851225,-0.008498341776430607,-0.08568406850099564,0.021412041038274765
1750784786.1898837,-0.004576241131871939,-0.021702265366911888,0.018997421488165855
1750784786.194783,-0.0035383233334869146,0.010504874400794506,0.019065039232373238
1750784786.1995277,-0.0025788242928683758,0.030249565839767456,0.020011352375149727
1750784786.2046573,-0.0015014574164524674,0.049176014959812164,0.019169161096215248
1750784786.2091687,-0.0029364738147705793,0.0569523461163044,0.017333487048745155
1750784786.21395,-0.0002524642623029649,0.058402713388204575,0.01773117668926716
1750784786.218945,0.001998351886868477,0.06590639799833298,0.01774429902434349
1750784786.2236276,-0.0003125137591268867,0.07135150581598282,0.017860442399978638
1750784786.2284188,-0.0012949334923177958,0.0648190900683403,0.01892651990056038
1750784786.233151,-0.00036475129309110343,0.06687068939208984,0.017624588683247566
1750784786.23829,0.0013896104646846652,0.08144985884428024,0.017186960205435753
1750784786.2429197,0.0016726318281143904,0.0725136399269104,0.018256451934576035
1750784786.2477682,-0.000885780667886138,0.029685823246836662,0.015676910057663918
1750784786.2524638,-0.0033924586605280638,-0.014372206293046474,0.016134902834892273
1750784786.2572176,-0.0029274404514580965,-0.036040376871824265,0.01851227506995201
1750784786.2619686,-0.0038632191717624664,-0.02823795937001705,0.01885039731860161
1750784786.2668364,-0.005032270215451717,-0.015800805762410164,0.01985742338001728
1750784786.2716892,-0.0038238801062107086,-0.025745445862412453,0.01913641020655632
1750784786.2763855,-0.004710778594017029,-0.04984823614358902,0.018648194149136543
1750784786.281437,-0.006879542022943497,-0.06420589983463287,0.018321916460990906
1750784786.286015,-0.004543163347989321,-0.0337207205593586,0.01891438290476799
1750784786.2909899,-0.0021263333037495613,0.014618740417063236,0.020473472774028778
1750784786.29586,-0.0023377968464046717,0.03841274231672287,0.01959814876317978
1750784786.300598,-0.0025138393975794315,0.052319884300231934,0.018449028953909874
1750784786.3052793,-0.0015968935331329703,0.06279585510492325,0.018963158130645752
1750784786.3102853,0.0016599380178377032,0.07631796598434448,0.01975717395544052
1750784786.3149703,0.0038296610582619905,0.08439712971448898,0.02374415285885334
1750784786.3198812,0.0032759662717580795,0.08886229991912842,0.025978868827223778
1750784786.3245609,0.004001400899142027,0.09999948740005493,0.021053194999694824
1750784786.3294666,0.0026131542399525642,0.09200100600719452,0.019847027957439423
1750784786.3341327,-0.0019395346753299236,0.06422857195138931,0.023377301171422005
